Date,Score,Prediction
2013-12-15,0,0.554849279708
2013-12-14,0.5,0.507052496204
2013-12-23,0.5,0.553341804123
2013-12-21,0,0.340008329101
2013-12-21,0,0.235051438656
2013-12-21,1,0.645768338087
2013-12-21,1,0.780585118957
2013-12-22,0,0.374338049504
2013-12-21,1,0.500773308859
2013-12-21,0.5,0.451143057029
2013-12-22,0,0.316551542343
2013-12-21,0.5,0.448567902166
2015-12-28,1,0.493899697031
2013-12-26,0,0.564079936453
2013-12-26,0,0.443730021803
2013-03-30,1,0.681198295148
2013-12-26,1,0.738584158247
2013-12-26,0,0.792957470322
2013-12-26,0,0.2222749382
2013-12-26,1,0.609058401022
2013-12-26,1,0.584793304344
2013-12-26,0,0.55209343972
2013-12-26,0.5,0.661725111428
2013-12-26,0,0.193598347757
2013-12-28,0.5,0.47754275712
2013-12-28,0.5,0.50792762252
2013-12-29,1,0.562673342623
2013-12-29,1,0.571205823575
2013-12-28,1,0.520983283894
2013-12-28,1,0.732660944435
2013-12-29,0,0.345958420769
2013-12-28,0,0.238502646947
2013-12-29,1,0.674595099315
2013-12-28,0.5,0.408878319353
2014-01-01,1,0.778863553162
2014-01-01,0.5,0.4652168309
2014-01-01,1,0.530418957443
2013-03-30,1,0.361121776434
2014-01-01,1,0.636154894351
2014-01-01,0,0.609439797113
2014-01-01,0,0.299324431331
2014-01-01,0.5,0.307404471157
2014-01-01,0,0.449856341644
2014-01-01,0,0.279311962619
2011-08-13,0,0.57707376209
2011-08-13,0.5,0.483014574573
2011-08-13,0.5,0.551548966125
2014-01-01,1,0.376573960214
2011-08-15,1,0.647378068899
2011-08-13,0.5,0.399122907975
2011-08-13,0,0.526111808511
2011-08-14,0.5,0.297744491167
2012-01-11,1,0.62880662621
2011-08-14,0,0.319613444138
2011-08-13,0.5,0.479919481351
2011-08-20,0,0.529032548859
2011-08-20,1,0.583823576816
2011-08-21,0,0.365295747608
2011-08-20,1,0.702361752178
2011-08-20,0,0.651500022767
2011-08-22,1,0.583441696764
2011-08-21,0.5,0.513677159364
2011-08-20,0,0.4878669694
2011-08-20,0.5,0.49347031285
2011-08-21,1,0.406650295934
2011-08-27,0.5,0.598365339984
2011-08-27,0,0.346811795771
2011-08-27,1,0.668785676422
2011-08-27,1,0.629154502232
2013-10-27,0.5,0.522092050544
2013-12-03,1,0.427832117356
2014-01-13,0,0.268917277085
2014-01-11,0,0.569617703735
2011-08-28,1,0.61701426028
2014-01-11,0,0.583269822096
2011-08-28,1,0.49771357513
2014-01-11,0,0.257566198749
2014-01-11,1,0.748534247483
2014-01-12,0,0.309549877867
2011-08-27,0.5,0.484000552024
2011-08-28,0,0.409167546208
2014-01-12,0,0.32676662455
2014-01-11,1,0.762101591525
2012-10-06,1,0.734739354253
2011-08-28,0,0.457296535936
2012-10-06,1,0.718301937292
2012-10-07,0,0.327284081705
2011-08-27,1,0.469699332066
2012-10-06,0.5,0.494046540991
2012-10-07,1,0.641589839778
2012-10-06,1,0.551431012508
2012-10-06,0,0.388522110026
2012-10-06,0.5,0.337756133966
2014-01-18,0,0.379993779555
2012-10-20,1,0.59817292864
2012-10-20,1,0.539486018563
2012-10-20,1,0.788923855182
2012-10-20,1,0.357583956158
2012-10-21,0.5,0.338255613348
2012-10-21,0.5,0.428741784776
2012-10-20,1,0.467518364961
2012-10-20,0,0.480898005854
2012-10-20,0,0.283162399363
2014-01-28,1,0.47301309002
2012-10-20,1,0.48343514025
2012-10-27,1,0.631096010183
2012-10-27,0.5,0.470731058095
2012-10-28,0,0.375514887556
2014-02-01,1,0.650189309551
2012-10-28,0.5,0.598412744844
2012-10-27,1,0.761016676887
2012-10-28,1,0.533662694616
2012-10-27,0.5,0.400002147318
2012-10-28,0,0.317421622235
2012-10-27,0.5,0.439992125261
2012-10-27,1,0.506310052916
2011-09-10,1,0.564300292671
2012-11-04,0.5,0.441163587824
2012-11-03,1,0.711289135268
2012-11-03,1,0.483932804702
2012-11-04,0.5,0.469883625242
2011-09-10,0,0.257875392111
2012-11-03,0.5,0.351419010823
2011-09-10,0.5,0.538099430571
2012-11-03,0,0.662743585836
2012-11-05,1,0.616047098686
2012-11-03,0.5,0.223066978687
2011-09-11,0.5,0.545877117636
2012-11-10,0.5,0.509698177698
2012-11-10,0,0.201160443888
2012-11-11,0.5,0.612899317416
2012-11-10,1,0.63650006603
2011-09-10,1,0.681706189363
2012-11-11,0,0.63538860331
2012-11-10,0.5,0.463899711075
2011-09-11,0,0.519922625564
2012-11-10,1,0.571478616398
2011-09-12,0.5,0.459168939238
2012-11-17,1,0.511555600389
2012-11-18,0,0.63885198974
2012-11-17,1,0.559044445926
2011-09-10,1,0.385207043609
2012-11-17,0,0.557171750794
2012-11-17,1,0.244623061525
2011-09-10,0,0.307149321322
2014-02-23,1,0.708506548538
2012-11-17,1,0.343075871132
2011-09-10,0,0.38999116576
2012-11-19,0.5,0.46126387117
2012-11-24,0.5,0.375136863529
2012-11-25,0.5,0.37363631905
2012-11-24,0.5,0.554706357939
2012-11-24,1,0.859420790961
2012-11-25,1,0.422419077469
2012-11-24,1,0.448792797676
2012-11-24,0,0.451221257375
2012-11-25,0.5,0.468231071481
2012-11-25,1,0.591963053481
2011-09-17,0.5,0.530423812612
2012-11-27,1,0.486575301143
2011-09-17,1,0.399767064032
2012-11-28,0.5,0.459859295411
2012-11-28,1,0.509354578482
2011-09-17,0,0.465794912741
2012-11-28,1,0.424313572401
2011-09-17,1,0.612204477671
2012-11-28,0,0.262231067226
2012-11-28,0.5,0.581483356251
2014-03-08,0,0.430012744619
2011-09-18,0.5,0.32396244649
2012-12-01,0,0.5883385743
2012-12-01,0,0.458775332801
2011-09-18,1,0.549982467534
2012-12-01,1,0.553806780759
2012-12-01,0.5,0.671354161073
2011-09-18,1,0.464026080511
2012-12-02,1,0.572030438246
2012-12-01,0.5,0.423511265226
2012-12-01,0,0.173921182344
2011-09-17,1,0.506366923261
2012-12-01,1,0.324167798506
2012-12-08,1,0.568035743111
2012-12-08,0.5,0.383761206267
2014-03-15,1,0.587986318197
2011-09-18,1,0.53277634903
2012-12-10,1,0.513577541168
2014-03-16,0,0.338362343516
2012-12-09,0,0.472345991025
2011-09-17,0,0.452580671783
2012-12-08,0,0.39992076614
2012-12-08,0,0.516098886389
2012-12-09,0,0.420418722752
2012-12-08,0.5,0.568824727072
2013-01-16,0.5,0.663705797028
2012-12-15,0,0.617428934957
2012-12-15,1,0.789178396633
2012-12-15,0,0.256394152571
2014-03-23,1,0.550297880429
2012-12-15,1,0.591166870364
2011-09-24,1,0.629677197194
2012-12-17,0,0.294104406391
2012-12-15,0.5,0.424954347241
2011-09-24,1,0.664869125283
2012-12-16,0.5,0.556728215342
2011-09-24,1,0.587892619617
2012-12-22,1,0.531726200456
2012-12-22,1,0.799354119909
2012-12-22,1,0.593367724155
2012-12-22,0,0.516041511395
2012-12-23,0.5,0.197277873554
2011-09-24,1,0.546725275101
2012-12-22,1,0.467239420973
2011-09-24,1,0.542008596188
2012-12-22,0,0.31614433293
2013-01-23,1,0.638999308961
2014-04-05,1,0.465480327767
2011-09-26,1,0.482330316267
2012-12-26,1,0.697339111542
2012-12-26,0.5,0.554834782682
2012-12-26,1,0.756389659858
2012-12-26,0,0.427014763799
2011-09-25,0.5,0.492295228734
2012-12-26,0.5,0.396141322177
2012-12-26,1,0.481554233224
2012-12-26,1,0.217801505714
2011-09-24,0.5,0.280368435854
2012-12-29,0,0.523287186965
2012-12-30,0,0.459003321204
2012-12-29,0,0.504024886531
2011-09-24,0.5,0.466369426513
2012-12-29,0,0.260456849801
2012-12-30,0,0.36847523038
2012-12-29,1,0.484866217905
2011-09-24,0,0.366516482216
2012-12-29,0,0.385960211479
2013-01-02,0,0.685820881195
2013-01-02,1,0.567333616102
2013-01-01,1,0.744499763961
2014-04-20,0,0.273091671664
2013-01-02,0,0.352610167523
2013-01-01,0.5,0.297315501251
2013-01-01,0.5,0.582646101615
2011-10-01,1,0.600672163262
2013-01-01,0,0.536822395151
2013-01-01,1,0.433579113267
2013-01-01,0,0.195148158747
2013-01-13,0,0.383727936574
2013-01-12,0,0.476829750796
2011-10-01,0,0.318034932026
2013-01-12,0.5,0.549218403548
2013-01-13,1,0.72052453274
2011-10-02,0,0.270115928624
2013-01-12,0.5,0.283911029332
2013-01-12,1,0.38793977869
2011-10-01,0,0.529390060529
2013-01-12,1,0.502211851399
2011-10-02,1,0.483537295676
2013-01-20,1,0.536311092923
2013-01-19,1,0.566398101404
2011-10-01,1,0.704836588927
2013-01-19,0,0.552262634952
2013-01-21,0.5,0.35704244955
2011-10-01,0.5,0.54458654045
2013-01-20,0.5,0.313817798353
2011-10-02,1,0.459747390288
2013-01-19,0.5,0.518856496919
2011-10-02,1,0.57079634696
2013-01-30,0.5,0.531418546156
2013-01-29,0,0.449542939501
2013-01-30,1,0.778410436144
2014-05-11,1,0.773118377659
2011-10-01,0,0.355694646969
2013-01-29,0.5,0.164774845139
2013-01-30,0.5,0.361482137175
2013-01-29,0.5,0.582460652053
2013-01-29,0.5,0.46866988585
2013-01-30,1,0.63328925813
2013-01-30,1,0.557495930129
2013-02-02,1,0.572575782654
2013-02-02,0.5,0.722063903979
2011-10-16,1,0.564674049539
2013-02-03,0.5,0.691355405025
2013-02-02,1,0.331215825437
2013-02-02,0.5,0.448609070567
2011-10-15,1,0.61975047057
2013-02-02,1,0.450530567411
2013-02-03,0,0.372905649006
2013-02-02,1,0.362600960072
2013-02-02,0.5,0.448160859044
2011-10-15,0.5,0.391774813148
2013-02-09,1,0.695004658167
2013-02-11,0,0.570325368716
2011-10-15,1,0.649736114934
2013-02-09,0.5,0.448008026091
2013-02-09,1,0.209164771746
2013-02-09,1,0.515594792573
2011-10-16,0.5,0.432517929687
2013-02-09,1,0.57038049401
2013-02-09,1,0.589503412003
2013-02-23,1,0.676182713334
2013-02-23,1,0.475922842805
2013-02-17,1,0.524924924416
2013-02-24,1,0.52854835512
2011-10-15,1,0.512330994382
2013-02-23,1,0.345185796849
2013-02-23,0,0.159125748226
2013-02-23,0,0.550585895276
2013-02-23,1,0.552371945997
2013-02-25,0,0.282498850031
2011-10-15,0.5,0.563739982039
2013-03-02,1,0.588309919583
2013-03-02,1,0.638309604117
2013-03-02,1,0.804831683445
2011-10-15,1,0.452991861364
2013-03-02,0,0.567266218218
2013-03-02,0.5,0.417670438144
2013-03-02,1,0.506518411283
2011-10-16,1,0.535393641966
2013-03-02,0,0.365779160988
2013-04-16,0.5,0.551749751213
2013-04-17,0,0.363708238452
2011-10-15,0,0.578276559613
2013-04-17,1,0.767249050888
2013-03-10,1,0.550850468461
2013-03-09,0.5,0.517919664369
2011-10-23,1,0.546729773391
2013-03-09,0,0.487113780037
2013-03-09,1,0.480716451949
2013-04-17,0.5,0.163557504011
2013-03-16,1,0.444998167879
2013-03-17,1,0.682482248478
2013-03-16,1,0.375585830751
2013-03-16,1,0.831073401093
2013-03-16,1,0.391236872153
2013-03-16,0.5,0.411150970815
2013-03-17,0.5,0.481236240925
2013-03-16,0,0.429842619148
2011-10-22,0,0.585370455927
2013-03-17,1,0.434815129124
2013-03-30,1,0.693853713161
2013-03-31,0,0.401466831066
2011-10-23,0,0.337488603589
2013-04-01,1,0.601787474641
2013-03-30,1,0.768406175561
2011-10-22,0,0.440876336346
2013-03-30,0,0.217798993131
2013-03-30,0,0.376557732243
2011-10-23,0,0.460704683393
2013-03-30,1,0.497397920424
2013-04-07,1,0.658034201538
2013-04-07,0.5,0.672245446953
2013-04-08,0,0.572046112146
2013-04-07,1,0.431673202735
2011-10-22,0.5,0.564762859494
2013-04-07,0.5,0.441751544076
2013-04-06,0,0.386938023955
2013-04-06,0,0.503353143479
2011-10-23,0,0.54107713647
2013-04-06,0,0.389388143089
2013-04-13,1,0.683196625426
2013-04-13,0.5,0.446331847284
2013-05-08,0.5,0.511532456023
2011-10-22,1,0.632108043277
2013-05-07,1,0.712423252602
2013-04-14,0,0.575689424494
2013-04-13,0.5,0.320900114666
2011-10-23,1,0.304816850825
2013-04-14,0,0.165602764665
2013-05-07,0,0.477995297599
2013-04-20,0,0.36352477364
2011-10-22,0.5,0.413919596964
2013-04-22,1,0.807724078372
2013-04-20,1,0.522434464496
2013-04-20,0,0.504344412816
2013-04-20,1,0.32697999045
2013-04-20,0.5,0.488842262847
2013-04-21,1,0.36489475911
2013-04-20,0.5,0.487240213305
2013-04-20,1,0.496480876555
2011-10-29,0,0.591220193831
2013-04-29,1,0.498390110647
2013-04-28,1,0.658926746721
2011-10-29,0,0.362534350216
2013-04-27,1,0.797524135942
2013-04-27,0,0.408908888804
2013-04-28,0.5,0.496775324916
2013-04-27,0,0.502960420106
2013-04-27,1,0.461963974096
2013-04-27,0.5,0.290944656656
2011-10-29,1,0.769786477963
2013-05-05,0.5,0.460477157276
2013-05-05,0,0.638737327848
2013-05-04,0,0.463572755572
2011-10-29,0.5,0.589353213911
2013-05-06,0.5,0.548561694982
2013-05-04,0.5,0.222093702703
2013-05-04,1,0.687583790347
2013-05-04,0,0.592973111678
2011-10-31,0,0.442652353364
2013-05-14,1,0.709864023249
2013-05-11,0,0.32878022511
2011-10-29,0.5,0.457774663154
2013-05-12,0,0.389403698006
2013-05-12,1,0.756844017537
2013-05-12,1,0.451295233565
2013-05-12,0,0.422224975026
2011-10-29,1,0.574836916722
2013-05-12,0,0.301445009033
2013-05-12,0.5,0.503627505928
2011-10-30,1,0.61254981665
2011-10-29,0,0.439863750692
2015-12-26,0.5,0.467082429202
2011-10-29,0,0.423544741554
2011-11-05,1,0.513891262272
2011-11-05,0,0.295329815429
2011-11-06,1,0.403009501882
2011-11-06,0,0.345229672155
2011-11-05,0.5,0.585498501918
2011-11-05,1,0.760753006417
2011-11-05,1,0.489903109243
2011-11-05,0,0.337891155727
2011-11-06,1,0.488418963814
2014-02-08,1,0.357615424656
2011-11-20,0,0.579458720673
2011-11-19,1,0.646629332336
2011-11-19,1,0.664928378052
2011-11-19,0,0.40398466345
2011-11-19,0,0.493087626582
2011-11-19,0.5,0.505668734024
2011-11-19,0,0.256724528877
2011-11-21,1,0.611332976501
2011-11-19,1,0.550794636662
2011-11-19,0.5,0.45389583274
2011-11-26,0.5,0.654799308778
2011-11-26,0,0.311216226429
2011-11-26,1,0.700108917565
2011-11-27,0.5,0.337333518191
2011-11-26,0.5,0.667924075368
2011-11-26,1,0.457706179793
2011-11-26,1,0.503385232227
2011-11-26,0,0.579987741811
2011-11-27,0.5,0.460627977259
2011-11-26,0,0.310173876147
2011-12-03,0,0.303867308239
2011-12-04,0,0.632152065085
2011-12-05,1,0.398277600306
2015-12-26,1,0.438124782165
2011-12-03,1,0.73145050044
2011-12-03,0,0.442181988787
2011-12-03,0.5,0.514836660171
2011-12-03,1,0.785143847077
2011-12-03,0,0.323332883747
2011-12-04,1,0.421711565484
2011-12-10,1,0.577529181009
2011-12-10,0,0.350471060865
2011-12-12,1,0.366516986355
2011-12-10,1,0.605788647629
2011-12-10,1,0.79391116422
2011-12-10,1,0.403464501824
2011-12-11,1,0.284530348085
2011-12-11,1,0.489913532611
2011-12-10,0,0.563624238781
2011-12-18,0,0.437629882781
2011-12-17,0,0.480974923952
2011-12-17,0.5,0.554569583861
2011-12-17,1,0.621243581994
2011-12-18,1,0.56324429618
2011-12-18,0,0.260389865859
2011-12-18,1,0.72315899223
2011-12-17,0.5,0.266581472592
2011-12-17,0,0.370942069507
2011-12-21,0,0.532082593572
2011-12-22,0.5,0.531007604919
2011-12-21,0.5,0.325664138393
2011-12-20,0.5,0.360426139109
2013-09-01,1,0.545195277731
2011-12-21,0,0.414272851012
2011-12-20,0,0.496080164601
2011-12-21,0,0.305582826282
2011-12-21,1,0.744937943634
2011-12-21,0,0.578966144273
2015-12-29,0.5,0.42724137521
2011-12-27,0.5,0.751934335421
2011-12-26,0,0.333530485284
2011-12-26,0.5,0.649947026931
2011-12-26,0.5,0.699043491437
2011-12-26,1,0.759708176972
2011-12-27,0,0.330875073425
2011-12-26,0.5,0.550093003813
2011-12-26,0.5,0.412118307096
2014-02-12,0.5,0.49447019055
2011-12-26,0.5,0.2694551421
2011-12-31,1,0.697135949575
2011-12-31,0.5,0.507265526267
2011-12-31,0,0.650893797414
2011-12-30,1,0.507571510179
2014-03-30,1,0.669658881814
2011-12-31,0,0.797565598105
2011-12-31,0.5,0.488171583865
2011-12-31,0.5,0.599788288061
2012-01-01,1,0.257731272712
2014-09-21,0,0.675723643982
2012-01-01,0,0.448186635061
2012-01-02,0,0.558884470015
2012-01-02,0,0.424818611949
2012-01-04,0,0.688585852585
2012-01-02,1,0.397566725332
2014-04-16,0,0.692166338212
2012-01-03,1,0.616821938493
2012-01-04,1,0.28264399742
2012-01-02,0,0.457152210917
2014-09-21,0.5,0.54837703656
2012-01-03,0,0.439358303068
2012-01-02,0,0.288226084497
2012-01-14,0.5,0.472885641701
2012-01-14,1,0.342831179777
2012-01-14,1,0.634429186943
2012-01-14,0.5,0.569574779518
2012-01-14,1,0.793255150968
2012-01-15,1,0.618404360587
2012-01-15,1,0.372858931588
2012-01-14,0.5,0.787966315012
2012-01-16,0,0.245051309409
2012-01-22,0,0.377899777559
2012-01-21,1,0.307270181082
2014-09-20,0.5,0.426843934656
2012-01-21,0.5,0.622611705977
2012-01-21,1,0.464960739041
2012-01-22,1,0.527111046872
2012-01-21,0.5,0.352179883776
2012-01-21,1,0.546000442902
2012-01-21,1,0.480695498203
2014-09-20,0,0.50349631021
2012-01-21,0,0.349373305195
2014-09-21,0,0.676985180624
2013-09-01,1,0.305216624777
2014-09-20,1,0.345636458085
2014-02-22,0,0.48551614131
2014-09-27,0.5,0.650480932678
2012-02-01,0.5,0.346541785516
2012-01-31,1,0.671906060467
2012-02-01,1,0.476522547661
2012-01-31,0.5,0.371742155201
2012-01-31,1,0.770495826998
2012-01-31,0,0.32996212755
2012-02-01,0.5,0.556957537127
2016-01-02,1,0.425709372013
2012-02-01,0,0.385697903873
2012-01-31,1,0.268961481745
2013-08-31,1,0.669204739747
2014-09-27,1,0.509103688473
2012-02-04,1,0.661855120008
2012-02-05,0.5,0.354869688659
2012-02-06,0.5,0.432494942183
2012-02-04,1,0.675238174184
2012-02-05,1,0.521309476479
2012-02-04,1,0.579133408155
2012-02-04,0,0.609962871239
2012-02-04,0,0.481798125775
2012-02-04,0,0.493353988418
2012-02-04,0.5,0.342414330282
2012-02-12,0,0.316883182769
2012-02-11,1,0.419148781715
2012-02-11,0,0.51739644085
2012-02-11,1,0.397801958045
2014-09-27,0.5,0.490083542939
2012-02-11,1,0.484394785373
2012-02-11,1,0.634554122328
2012-02-11,0,0.428539517378
2012-02-11,0,0.507018013299
2012-02-11,1,0.625860693282
2012-02-12,0,0.437653328339
2012-02-26,1,0.431998910651
2012-02-25,1,0.68912933731
2014-02-23,1,0.535259022958
2012-03-13,1,0.514910052381
2012-02-25,1,0.771576654495
2012-02-25,0.5,0.687381014466
2012-02-26,0,0.298642080172
2012-02-25,0,0.429101827546
2012-02-26,1,0.477382693433
2012-02-25,1,0.475868127163
2012-02-25,0.5,0.403460797587
2014-09-29,1,0.547581802996
2016-01-12,0,0.45380350001
2012-03-03,0.5,0.429143441092
2012-03-04,1,0.646748420515
2012-03-03,0,0.436508827189
2012-03-03,1,0.794279190515
2012-03-04,0.5,0.562022437775
2014-09-27,0.5,0.500347163013
2012-03-03,0.5,0.370865760627
2012-03-03,1,0.505636598569
2012-03-04,0,0.381140425395
2012-03-03,1,0.38705597481
2012-03-03,0,0.453447472035
2014-09-28,1,0.515347440543
2012-03-12,1,0.607599224529
2012-03-10,1,0.435243517104
2012-03-10,1,0.469441336193
2012-03-10,1,0.621311254444
2012-03-10,1,0.375179086596
2012-03-11,1,0.743148165781
2014-10-04,0,0.212025728637
2012-03-11,0.5,0.591815720008
2012-03-10,1,0.469463681246
2012-03-11,1,0.257798445731
2012-03-10,0,0.493705242127
2012-04-24,0,0.53053552389
2014-10-05,1,0.569936957305
2012-03-20,1,0.415563949792
2012-03-21,0,0.384112848271
2012-03-17,0,0.498934434346
2012-03-21,1,0.627047032373
2012-03-18,1,0.509600755658
2013-09-14,1,0.356559434556
2012-03-21,1,0.329774835856
2012-03-21,0.5,0.63036011636
2012-03-17,0.5,0.414786015157
2012-03-18,0,0.159142918001
2012-03-24,1,0.68256831752
2012-03-24,1,0.471509321781
2012-03-24,0.5,0.487902951013
2012-03-24,0,0.631306032259
2012-03-26,1,0.770208185095
2014-10-04,0.5,0.589629549796
2012-03-24,1,0.625238213869
2012-03-24,0.5,0.281909619117
2016-01-13,1,0.467899993954
2012-03-24,1,0.581553827902
2012-03-24,0,0.491050156165
2012-03-25,0,0.491129360914
2012-03-31,0,0.351942050897
2012-04-02,0,0.190027613423
2014-10-04,1,0.647742724398
2012-03-31,1,0.591152618055
2012-03-31,1,0.514371645635
2012-03-31,0.5,0.709348717032
2012-04-01,1,0.532810132921
2012-03-31,1,0.241619094323
2012-04-01,1,0.601923184712
2012-03-31,1,0.420527194457
2012-03-31,0,0.401038006888
2014-10-05,1,0.489119003441
2012-04-08,1,0.430370022532
2012-04-07,0,0.461624616221
2012-04-07,1,0.603633893238
2012-04-07,0.5,0.540361432945
2014-10-04,1,0.434885478561
2012-04-08,1,0.823651727287
2012-04-07,0.5,0.389333728956
2012-04-07,1,0.667404454281
2012-04-07,0.5,0.353556315624
2014-03-01,0,0.346521376938
2012-04-06,0,0.442096612708
2012-04-07,1,0.564166983658
2012-04-09,0.5,0.443261294376
2012-04-10,0,0.436688465219
2012-04-09,1,0.577226589181
2012-04-09,0.5,0.388560484118
2012-04-09,1,0.667795776632
2012-04-11,1,0.45613582621
2012-04-09,0,0.634032812788
2012-04-11,1,0.194370471478
2012-04-11,0,0.192328506082
2012-04-16,0,0.72115737403
2014-05-07,1,0.575551385945
2012-05-02,0,0.325668639305
2012-05-02,0,0.554466686678
2012-05-01,0,0.495760276227
2012-04-15,1,0.782888404289
2014-10-05,1,0.635523951431
2012-04-14,0,0.269734492038
2016-01-17,0,0.514425058027
2012-05-01,0.5,0.397510293506
2012-04-14,0.5,0.656324033883
2012-04-14,1,0.578076045525
2012-04-14,1,0.539709162396
2012-04-21,0.5,0.532725255354
2012-04-21,0.5,0.461143065749
2012-04-21,1,0.396969545573
2012-04-21,0.5,0.411675711122
2012-04-21,1,0.525844523589
2012-04-22,0,0.503216669867
2012-04-22,0.5,0.70874670904
2014-10-18,0,0.38302001897
2016-01-16,1,0.37003711118
2012-04-21,1,0.582902945529
2012-04-21,1,0.322884877849
2014-03-02,1,0.725066573775
2012-04-22,0,0.148862421963
2012-04-29,1,0.674449198049
2012-04-28,1,0.564376549052
2012-04-30,1,0.503629048539
2012-04-28,0,0.45762693723
2012-04-28,0.5,0.363925918401
2012-04-28,0.5,0.594627627464
2012-04-28,0.5,0.677481530386
2012-04-29,1,0.672714776499
2012-04-28,0.5,0.603368209812
2012-04-28,1,0.373132423961
2014-03-25,0.5,0.772337619834
2012-05-05,0.5,0.663948186502
2012-05-06,0.5,0.324585649852
2012-05-07,0,0.360480924253
2012-05-06,0.5,0.375009060349
2012-05-06,1,0.562843049238
2012-05-08,1,0.459922817609
2012-05-06,1,0.72852868599
2012-05-06,0,0.323806032171
2012-05-06,1,0.497232097922
2014-01-11,1,0.518530284441
2012-05-06,0.5,0.262299758004
2014-10-18,1,0.437438909713
2016-01-16,1,0.672938369639
2012-05-13,1,0.636321111636
2012-05-13,1,0.529141958441
2012-05-13,1,0.797506813748
2014-01-18,1,0.733280207061
2012-10-07,0.5,0.552983649994
2012-05-13,1,0.51092350745
2014-10-19,0,0.267851460239
2012-05-13,0.5,0.573872234472
2014-01-18,1,0.458701127082
2012-05-13,0,0.229471955234
2015-05-02,1,0.595852421085
2014-01-18,0.5,0.679963237378
2012-05-13,1,0.419698173759
2012-05-13,1,0.536555445201
2012-10-07,0.5,0.404544959612
2014-01-18,1,0.77217401301
2012-05-13,1,0.673461342596
2014-10-18,1,0.537033493179
2014-01-18,1,0.443712985446
2015-05-11,0,0.700911420783
2014-01-18,0.5,0.424153612339
2014-03-26,1,0.766246317949
2014-01-19,0,0.26508307906
2014-01-20,0.5,0.303623449409
2014-10-19,1,0.469654099692
2014-01-29,1,0.465047412972
2015-05-09,1,0.449451932623
2014-01-28,1,0.451461677098
2014-01-28,1,0.458930692059
2014-01-28,1,0.783406336786
2014-01-28,0.5,0.442631994905
2014-10-20,0.5,0.380551667103
2015-05-10,0.5,0.550457393703
2014-01-28,0.5,0.279237497384
2014-01-29,1,0.516195181094
2014-10-04,1,0.400109348833
2014-01-29,0.5,0.783157789558
2015-05-09,0,0.343573310037
2014-01-29,0,0.419571367318
2014-02-02,1,0.774588602807
2014-02-01,1,0.475754171613
2014-10-25,0.5,0.669607491927
2014-02-01,0,0.384137746755
2016-01-23,0,0.341050325471
2014-03-29,0.5,0.549886879126
2014-02-01,0.5,0.273206405175
2014-02-03,0,0.53495937159
2014-02-01,0,0.527832840705
2014-10-26,0.5,0.335273569936
2014-02-01,1,0.206182349506
2014-02-02,0.5,0.320129734119
2012-11-03,0.5,0.441449202745
2014-02-08,0,0.533922378774
2014-02-08,1,0.74085309941
2014-03-15,1,0.217327944935
2012-11-03,0,0.554910655589
2014-02-09,0.5,0.793044614386
2014-02-08,0.5,0.211220954026
2014-10-25,1,0.551708328924
2014-02-08,0.5,0.586065867901
2014-02-08,0,0.574143383582
2014-02-08,1,0.507011773738
2014-02-09,1,0.514899308974
2014-02-12,0.5,0.541157396521
2014-02-11,0.5,0.461382240264
2014-02-11,0,0.402522446964
2012-11-11,1,0.660950513035
2014-02-11,0.5,0.230283596675
2014-02-11,1,0.522306787093
2012-11-10,0.5,0.453821021929
2014-02-12,0,0.292650544331
2012-11-10,0,0.487522302747
2014-02-12,0,0.312135640456
2014-02-22,1,0.764361223133
2014-03-15,0,0.221505024462
2012-11-17,1,0.797944623767
2015-08-09,0,0.791276267641
2014-02-22,1,0.589443428197
2012-11-17,0,0.454203806035
2014-02-22,1,0.74979257755
2012-11-17,1,0.436498348272
2014-02-23,1,0.239599022629
2014-02-22,0.5,0.537289704026
2014-02-22,1,0.406715364229
2015-08-08,0.5,0.733622920103
2014-03-02,1,0.487488951289
2014-03-01,1,0.606179882657
2014-03-01,0,0.212058235391
2014-03-01,0,0.467657682651
2015-08-08,0.5,0.545323975143
2014-03-25,0,0.414239168506
2012-11-24,1,0.475673945435
2014-03-01,1,0.195306089784
2012-11-28,1,0.767352529286
2014-03-02,0.5,0.498792911339
2012-11-27,0.5,0.552684553875
2015-05-16,0.5,0.507471082601
2012-11-28,1,0.559247715014
2014-03-15,1,0.465734980249
2014-03-08,1,0.465928268575
2014-10-18,0,0.259397415251
2014-03-08,1,0.596086387147
2012-11-28,0.5,0.48894855875
2014-05-07,1,0.805433538294
2014-03-25,0,0.365283817524
2015-08-09,0.5,0.416588585358
2014-03-08,0.5,0.452687211859
2014-03-08,0,0.283065355773
2014-03-26,1,0.502988497743
2012-12-03,1,0.538702293127
2014-03-15,1,0.704723592769
2015-08-08,0,0.40186278979
2014-03-15,1,0.399487279172
2012-12-01,0,0.499677742434
2014-03-16,0,0.523919942738
2015-08-09,0,0.481706852673
2012-12-09,1,0.480138345586
2014-03-15,0.5,0.52784010915
2014-03-22,0,0.208916912874
2014-03-23,0,0.488661662967
2012-12-08,1,0.51178778704
2014-03-22,1,0.476969681359
2014-03-22,1,0.668346766318
2014-03-22,1,0.504141897451
2014-03-22,1,0.781125060899
2015-08-08,0,0.521223058409
2014-03-22,1,0.575635940999
2014-03-22,1,0.442747255442
2015-08-08,1,0.494686485926
2015-08-08,1,0.529281000502
2014-03-22,0,0.304218766576
2012-12-15,1,0.32078420303
2014-03-29,1,0.177304905138
2014-03-30,0,0.276028850711
2012-12-16,1,0.581300666367
2014-03-29,1,0.725620824924
2012-12-23,1,0.629374892023
2014-03-29,1,0.554784648605
2014-03-31,0,0.468936347937
2014-03-29,1,0.497702945425
2012-12-22,0.5,0.550284525245
2014-04-05,0,0.539397098536
2012-12-22,0,0.288737049542
2014-04-05,1,0.647348238458
2014-04-06,1,0.455323559559
2012-12-26,0,0.345090663973
2014-04-05,0,0.305117108576
2014-04-05,0,0.466620074762
2014-04-07,1,0.6592118831
2012-12-26,0,0.343386824256
2014-04-15,1,0.708639001533
2014-04-12,1,0.527595337573
2014-04-12,1,0.521995711437
2012-12-29,1,0.6470756717
2014-05-06,1,0.650304908367
2014-04-12,0,0.643927850666
2012-12-29,1,0.714394672992
2014-04-12,0,0.248307290688
2014-04-13,0,0.263258354742
2014-04-12,0.5,0.358919769125
2012-12-29,0.5,0.600835530153
2014-04-19,0.5,0.383459124515
2014-04-19,0,0.724358659982
2014-04-20,1,0.443428356847
2015-08-16,0,0.308046997453
2015-08-17,1,0.645795557698
2014-03-29,0.5,0.401198408613
2014-04-21,1,0.77887427352
2014-04-19,0,0.542546916254
2014-04-20,0,0.17188794433
2013-01-01,1,0.685768889194
2014-04-19,0,0.444993673448
2014-04-28,1,0.738657193316
2014-02-22,0,0.285048044195
2014-04-27,0,0.311305105243
2014-04-26,0.5,0.509825682922
2014-04-27,0,0.632212289446
2013-01-12,0.5,0.62347889269
2014-04-26,1,0.360514487002
2014-04-26,0,0.390788998521
2013-01-12,0.5,0.518783668819
2009-08-16,1,0.638308759906
2009-08-16,1,0.3657002204
2009-08-15,0,0.585087508171
2009-08-15,0,0.435681286652
2009-08-15,0,0.469212433682
2009-08-15,0,0.481043293045
2009-08-15,0,0.410884061753
2009-08-15,0,0.400547375251
2009-08-15,1,0.499137365547
2009-08-15,1,0.736293682314
2010-01-20,1,0.752896989337
2009-08-18,0,0.352466981626
2009-11-04,1,0.433160134532
2009-11-25,1,0.484101228117
2009-08-19,1,0.568365279387
2009-08-19,0,0.358311543557
2009-08-19,1,0.364239333747
2009-08-18,0,0.477739786228
2009-08-19,1,0.647009353333
2010-03-24,0,0.479042469433
2009-08-22,1,0.713507253383
2009-08-24,0,0.657305042517
2009-08-22,1,0.514266220253
2009-08-23,0,0.465356690027
2009-08-22,1,0.545709095345
2009-08-23,0,0.330632049744
2009-08-22,0.5,0.488121815736
2009-08-22,1,0.507409997621
2009-08-23,1,0.459217793365
2009-08-22,0,0.28818637497
2009-08-29,1,0.485624648191
2009-08-29,1,0.611282621991
2009-08-30,1,0.539736341332
2009-08-30,1,0.575392235832
2009-08-29,0.5,0.582684246968
2009-08-29,0.5,0.421115106854
2009-08-29,0,0.255466819055
2009-08-30,0,0.348214828641
2009-08-29,1,0.493233780167
2009-08-29,1,0.651350954592
2009-09-12,1,0.638275490483
2009-09-12,1,0.541762647095
2009-09-12,0,0.407275104968
2009-09-12,1,0.433137454127
2009-09-12,1,0.468433393328
2009-09-13,1,0.47610216004
2009-09-13,0,0.433659324978
2009-09-12,0,0.551091567852
2009-09-12,0,0.29256731056
2009-09-12,1,0.387223991023
2009-09-20,1,0.610371377866
2009-09-19,1,0.636255743815
2009-09-19,0,0.346950628314
2009-09-19,1,0.651487005439
2009-09-20,1,0.515314871316
2009-09-20,1,0.447447873258
2009-09-19,0.5,0.417728452943
2009-09-19,0,0.437023691041
2009-09-19,1,0.507639011276
2009-09-20,1,0.624206484978
2009-09-26,1,0.751438337017
2014-03-29,1,0.526898792373
2013-01-19,0.5,0.600911196045
2014-05-03,1,0.302462821168
2013-01-19,0,0.445076842533
2014-05-11,0.5,0.423139116935
2009-09-26,1,0.206514226136
2009-09-27,1,0.468873671583
2009-09-26,0,0.27679617882
2009-09-26,0,0.39039570779
2009-09-28,1,0.564924192083
2009-09-26,0,0.392551022354
2009-09-26,1,0.403574721952
2009-09-26,0,0.578001944076
2009-10-03,0.5,0.729355252751
2009-10-03,0,0.551938315158
2009-10-04,0.5,0.481114612851
2009-10-04,0.5,0.549265679246
2009-10-04,1,0.463014724412
2009-10-03,1,0.558973311401
2009-10-03,0.5,0.388387252979
2009-10-03,1,0.421756578158
2009-10-05,0.5,0.44098305289
2009-10-04,1,0.635281214121
2009-10-17,1,0.481066857302
2009-10-17,1,0.706425908883
2009-10-19,1,0.569962810457
2009-10-17,0.5,0.562784778873
2009-10-18,1,0.423446296856
2009-10-17,1,0.337957134759
2009-10-17,1,0.357723703023
2009-10-18,0.5,0.345760702426
2009-10-17,0,0.373443259005
2009-10-17,1,0.652841293726
2009-10-24,0,0.58130032895
2009-10-24,1,0.678967142679
2009-10-25,1,0.401079285264
2009-10-24,1,0.416384382404
2009-10-24,0,0.541324404841
2009-10-25,0.5,0.334208376866
2009-10-24,0.5,0.391611703574
2009-10-24,0.5,0.466130323042
2009-10-25,1,0.4180696042
2009-10-25,0.5,0.617725802834
2009-10-31,1,0.456669030725
2009-10-31,1,0.691932047574
2009-10-31,1,0.342291672732
2009-10-31,0.5,0.44161058013
2009-10-31,1,0.582558807546
2009-10-31,0,0.280221873729
2009-11-01,0.5,0.427721460748
2009-10-31,1,0.604145238111
2009-10-31,0.5,0.555022273697
2009-10-31,0.5,0.497667692384
2009-11-08,0.5,0.432182255109
2009-11-08,1,0.391118691615
2009-11-07,0,0.346492427451
2009-11-08,0,0.495891287427
2009-11-07,1,0.551910339335
2009-11-07,0.5,0.58418336694
2009-11-09,0.5,0.655577243406
2009-11-07,1,0.626608992026
2009-11-07,1,0.547451888683
2009-11-08,1,0.519611490361
2009-11-21,1,0.462949701165
2009-11-21,1,0.372022010942
2013-02-02,0,0.163447324181
2016-04-20,1,0.585944098125
2009-11-22,1,0.58487567884
2009-11-21,0.5,0.435222694208
2009-11-21,1,0.720064670105
2009-11-21,0.5,0.433597654913
2009-11-21,0.5,0.555197767549
2009-11-21,1,0.622389647082
2009-11-22,1,0.56794025975
2009-11-22,0,0.41092306209
2009-11-28,0,0.258469962813
2009-11-28,1,0.477763195284
2009-11-29,0,0.444400877753
2009-11-28,0.5,0.645028178238
2009-11-28,0.5,0.586376885711
2009-11-29,0,0.362787669798
2009-11-28,0.5,0.457558996848
2009-11-28,0.5,0.540106055203
2009-11-29,0,0.406087069993
2009-11-28,1,0.414295322203
2009-12-05,1,0.439694481994
2009-12-05,0,0.353330176572
2009-12-05,0,0.429387915409
2009-12-05,1,0.497235215765
2009-12-05,1,0.349994560837
2009-12-06,1,0.528190712206
2009-12-06,0.5,0.472796225509
2009-12-05,0.5,0.323073719612
2009-12-05,1,0.566609979626
2009-12-05,1,0.616927680097
2009-12-12,0,0.643152100316
2009-12-12,0.5,0.55924988557
2009-12-12,0.5,0.552693286157
2009-12-12,0,0.604737451026
2009-12-13,0,0.525668313943
2009-12-12,0.5,0.412084207091
2009-12-12,0.5,0.730429570481
2009-12-12,0.5,0.434023908311
2009-12-12,1,0.564147944523
2009-12-15,0,0.382860192618
2010-01-05,1,0.418213665767
2009-12-15,1,0.664808628154
2009-11-25,1,0.382991649425
2009-12-16,0.5,0.319775638876
2009-12-15,1,0.433960604667
2009-12-15,1,0.575398995411
2009-12-16,1,0.705446613817
2009-12-16,1,0.778887802394
2009-12-19,1,0.707640516446
2009-12-20,1,0.499467975384
2010-02-17,0.5,0.549971704835
2009-12-20,0.5,0.255363547318
2009-12-19,1,0.289939322979
2009-12-19,1,0.409091297491
2009-12-20,0.5,0.437618954887
2009-12-19,0,0.48010339555
2009-12-19,1,0.604855943956
2009-12-26,0.5,0.465554815957
2009-12-26,1,0.534517422738
2009-12-26,0.5,0.458769852825
2014-04-05,0,0.455081737806
2013-02-24,1,0.504065474962
2016-02-27,0.5,0.535947945312
2009-12-26,1,0.606157808731
2009-12-27,0,0.245611950131
2009-12-26,0.5,0.533293046241
2009-12-26,0.5,0.529358692002
2009-12-26,0.5,0.389241816812
2009-12-27,1,0.534032276842
2009-12-28,0,0.415075361715
2009-12-28,1,0.578660910223
2009-12-28,0,0.394678451531
2009-12-30,0,0.279790595292
2009-12-28,1,0.556467071679
2009-12-28,1,0.625336605428
2009-12-29,0.5,0.532980087821
2009-12-28,0.5,0.485594703688
2009-12-29,0,0.463920653614
2009-12-30,1,0.751721271417
2010-03-16,0,0.325387479788
2010-03-23,0,0.509487347703
2010-01-11,1,0.584728800452
2010-01-20,1,0.578841595525
2010-02-02,0.5,0.23249471432
2010-02-03,1,0.529918773218
2010-03-10,0.5,0.413891592585
2010-03-09,1,0.534928483396
2010-01-09,0.5,0.435746563792
2010-01-09,0.5,0.62154229843
2010-03-09,0,0.352021651496
2010-01-16,0.5,0.362932578998
2010-01-16,0.5,0.649738165873
2010-01-16,0,0.545591902087
2010-01-16,1,0.740052730068
2010-01-16,1,0.464570484382
2010-01-16,1,0.717730846994
2010-01-17,0,0.302996014208
2010-01-17,1,0.43514371485
2010-01-17,0.5,0.591777595659
2010-01-26,0.5,0.307904383786
2010-01-26,1,0.53132133517
2010-02-16,0.5,0.429322919283
2010-01-26,0.5,0.424317339479
2010-01-23,1,0.758863813502
2010-01-26,1,0.466236788072
2010-01-27,1,0.574473790632
2010-01-27,1,0.622387018456
2010-01-27,1,0.506687833002
2010-01-27,0.5,0.377873997243
2010-01-30,0.5,0.484766144154
2010-01-30,0,0.370175575962
2010-02-01,0.5,0.488866884263
2010-01-31,1,0.672728291706
2010-01-30,1,0.698772782565
2010-01-30,0.5,0.478822156714
2010-01-30,0,0.398452171312
2010-01-30,0,0.221585623992
2010-01-31,0,0.499515719116
2010-01-30,0.5,0.544089037162
2010-02-06,1,0.823818187531
2010-02-06,1,0.525560712569
2010-02-06,0.5,0.530150970996
2010-02-06,0.5,0.453821891218
2013-03-03,1,0.537507211955
2013-03-10,1,0.428557722451
2010-02-06,1,0.444732865667
2014-08-16,1,0.64890464052
2014-08-18,0,0.278298627765
2014-08-16,0.5,0.317714115123
2014-08-17,1,0.721417762506
2014-08-16,0,0.666286386726
2014-04-05,1,0.722794267816
2014-08-16,0,0.533965042534
2014-08-16,0,0.576370835723
2014-08-16,0.5,0.439400710762
2014-08-16,0,0.383156481631
2014-08-23,0.5,0.491943521765
2014-08-23,1,0.714390058437
2014-08-23,0,0.524330561823
2014-08-23,0.5,0.546312875375
2014-08-24,0.5,0.447586073785
2014-08-25,1,0.566734640417
2014-08-23,0.5,0.556546805606
2014-08-24,0.5,0.338682946732
2014-08-23,1,0.557822179344
2014-08-24,1,0.662690055725
2014-08-31,1,0.473176441191
2014-08-30,0.5,0.261640584395
2014-08-30,0,0.444543658582
2013-03-09,1,0.511268437287
2014-08-30,0,0.796121850714
2014-08-30,0.5,0.471003163641
2014-08-30,1,0.391925479006
2014-08-30,1,0.564653105523
2014-08-31,0,0.47248122978
2014-08-30,0,0.507457960939
2014-09-13,0.5,0.323705308497
2014-09-13,1,0.690310884533
2014-09-13,0.5,0.537768748203
2014-09-15,0.5,0.487324183941
2014-09-13,0,0.653894354705
2014-09-14,1,0.652959173798
2014-09-13,1,0.549176604811
2014-09-13,0,0.55610161158
2014-09-13,0.5,0.38240036827
2014-09-13,0,0.310041464292
2014-09-20,0,0.294024091453
2010-02-07,1,0.56546080417
2010-02-06,0.5,0.413078297217
2010-02-06,1,0.338771944644
2010-02-06,1,0.552674691232
2010-02-07,1,0.631109756705
2010-02-10,1,0.5139018736
2010-02-09,1,0.541130824605
2010-02-10,1,0.369105818394
2010-02-10,1,0.465884077579
2010-02-09,0.5,0.42766305873
2010-02-09,0.5,0.465839155459
2010-02-10,1,0.474958620794
2010-02-10,0.5,0.343782329837
2010-02-10,1,0.309005710773
2010-02-09,1,0.6736549438
2010-02-21,1,0.432023995521
2010-02-20,0,0.418130799552
2010-02-20,1,0.51795722001
2010-02-21,1,0.606274366281
2010-02-20,1,0.345749008597
2010-02-20,1,0.696228199042
2010-02-21,0,0.417679149475
2010-02-20,0,0.283024061301
2010-02-21,0.5,0.44070786705
2010-02-21,1,0.649694018756
2010-02-28,0.5,0.418692102474
2010-02-28,1,0.448193871655
2010-02-27,0,0.350025208661
2010-02-23,1,0.68270743316
2010-02-28,1,0.661270007128
2010-04-21,0,0.296036128004
2010-02-27,0,0.658415274314
2010-02-27,1,0.632369122032
2010-02-27,0,0.531211935356
2010-02-27,1,0.416350406883
2010-03-08,1,0.253431886593
2010-03-06,0,0.57447597777
2010-05-05,0,0.513121659322
2010-03-24,0,0.239268012589
2010-03-07,1,0.650737877793
2010-03-24,1,0.449999560832
2010-03-24,0.5,0.599236121394
2010-03-06,1,0.748940858494
2010-03-06,0,0.243357010923
2010-05-05,0,0.497692897924
2010-03-13,1,0.576482927933
2010-03-14,0.5,0.358341906913
2010-03-13,0.5,0.393634085163
2010-03-14,1,0.735966763483
2010-03-15,1,0.699161012266
2010-03-13,0,0.231479723689
2010-03-13,0.5,0.475206093488
2010-03-13,1,0.481522661938
2010-03-13,0,0.474184433812
2010-03-13,1,0.704373078026
2010-03-20,1,0.51607590176
2010-03-20,1,0.403832378738
2010-03-20,1,0.752003433401
2010-03-20,0.5,0.644020658709
2010-03-21,0.5,0.300758725213
2010-03-20,1,0.453482157666
2014-11-08,1,0.622421557274
2010-03-20,1,0.651724948854
2010-03-21,0,0.435094677398
2010-03-21,1,0.615125946964
2010-03-20,0,0.468718691025
2010-03-28,1,0.644156904447
2010-03-29,1,0.661588134631
2010-03-27,1,0.661109569474
2010-03-27,0,0.194094272877
2010-03-27,0,0.459455372615
2010-03-27,0.5,0.339782161525
2010-03-27,1,0.402812585587
2010-03-27,1,0.582672753257
2010-03-28,0,0.358526713694
2010-03-27,0.5,0.325923722103
2010-04-03,1,0.40754094968
2010-04-03,1,0.602767483864
2010-04-03,0.5,0.376765720853
2010-04-03,0,0.548170056841
2010-04-04,1,0.567180846143
2010-04-04,0.5,0.704463478084
2014-11-29,1,0.457259383512
2010-04-03,0,0.345554564913
2010-04-04,0.5,0.395414835528
2010-04-03,1,0.682704403601
2010-04-10,1,0.442089420421
2010-04-11,0.5,0.45240929034
2010-04-14,0.5,0.445080702468
2010-04-14,1,0.372316621474
2010-04-11,1,0.582388017511
2010-04-11,0.5,0.609200358661
2010-04-10,0,0.531601693161
2010-04-13,1,0.812506182839
2010-04-11,0.5,0.279201404097
2010-04-14,0.5,0.486033332909
2010-04-18,1,0.301767621025
2010-04-17,1,0.334191320891
2010-04-17,1,0.594152960193
2010-04-17,0,0.605719417713
2010-04-18,0,0.300556897136
2010-04-19,1,0.648574269013
2010-04-17,0.5,0.517696799384
2010-04-17,0,0.399182774068
2010-04-17,0.5,0.611190960039
2010-04-17,0,0.410166407364
2010-04-25,1,0.632855812962
2010-04-24,0,0.41705965886
2010-04-24,0.5,0.467949735998
2010-04-24,1,0.514376775213
2010-04-24,1,0.622835875253
2010-04-25,1,0.738025806521
2010-04-25,0,0.265029191279
2010-04-24,0.5,0.535810618421
2010-04-25,1,0.612268648655
2010-04-24,0.5,0.493761251801
2010-05-03,0.5,0.539261983366
2010-05-01,1,0.671851838724
2010-05-02,0,0.222068123663
2010-05-01,0.5,0.368987729141
2010-05-01,1,0.409096496802
2010-05-01,1,0.450354293662
2014-12-20,1,0.785514415509
2014-12-21,0,0.504251248366
2014-12-20,1,0.436854415414
2014-12-20,1,0.407983537984
2013-03-30,1,0.368824223364
2014-12-20,1,0.621531403354
2014-12-20,1,0.664370433449
2014-12-26,1,0.728022111632
2014-12-26,0,0.3096565534
2014-12-26,1,0.719296572438
2014-12-26,0,0.432537094312
2014-12-26,0,0.582022814122
2014-12-26,0,0.311746562885
2014-12-26,1,0.706215639229
2014-12-26,0,0.599286703064
2014-12-26,1,0.528790273482
2014-12-26,0,0.201262596698
2014-12-28,0.5,0.449569036284
2014-12-28,0,0.5525223199
2014-12-28,0.5,0.799925290401
2014-12-28,1,0.411097575475
2014-12-28,0.5,0.449271985782
2014-12-28,0.5,0.307142433075
2014-12-28,1,0.608039739504
2014-12-28,0.5,0.345260982715
2014-12-28,0,0.424594282121
2015-01-01,0.5,0.516314855828
2015-01-01,1,0.378599342755
2015-01-01,0.5,0.713777658018
2015-01-01,1,0.73917465357
2015-01-01,0.5,0.564508841511
2015-01-01,0.5,0.433766553094
2015-01-01,1,0.376551032873
2015-01-01,0.5,0.360697731289
2015-01-01,1,0.310142005433
2015-01-01,0.5,0.655291167836
2015-01-11,1,0.58106903
2015-01-10,1,0.505407840627
2015-01-10,1,0.756525321423
2013-04-06,0.5,0.468567444978
2015-01-10,0.5,0.239987583141
2015-01-10,1,0.442174829979
2015-01-11,0,0.596082232803
2015-01-10,0,0.393576593056
2015-01-10,0.5,0.480109376644
2015-01-10,1,0.519922162333
2015-01-17,0,0.335935833983
2015-01-17,0,0.469739594026
2015-01-19,0.5,0.576673093111
2015-01-17,0,0.43088342554
2015-01-18,0,0.682351299582
2015-01-17,0,0.408220665951
2015-01-17,0,0.295257386162
2015-01-17,0,0.239901371379
2015-01-17,1,0.644857587542
2015-01-18,1,0.630842330636
2015-02-01,1,0.764783397511
2015-01-31,0.5,0.452419138694
2015-01-31,0,0.511678849948
2015-01-31,0,0.469312218128
2015-01-31,1,0.55519082585
2015-01-31,1,0.700854718701
2015-01-31,1,0.60106866112
2015-01-31,1,0.549187939024
2015-01-31,0,0.314667994086
2015-02-07,0,0.192909581017
2015-02-08,0.5,0.435668516381
2015-02-07,0.5,0.374462918034
2013-04-07,0.5,0.499108656017
2015-02-07,0.5,0.848687969666
2015-02-08,0.5,0.476135880807
2015-02-07,0,0.270243634958
2015-02-07,0.5,0.529029662894
2015-02-07,1,0.461312586498
2015-02-08,0.5,0.428332955324
2015-02-10,1,0.756603328639
2015-02-10,1,0.487051738618
2015-02-11,1,0.685276254392
2015-02-11,0.5,0.552773660112
2015-02-11,0.5,0.489405160539
2015-02-10,1,0.457171561007
2015-02-11,1,0.453296383322
2015-02-11,1,0.686034555594
2015-02-11,0,0.293008476259
2015-02-10,0,0.587638809162
2015-02-21,0,0.376865993303
2015-02-21,0.5,0.789871539014
2015-02-21,0,0.318710270437
2015-02-22,0.5,0.659311750061
2015-02-21,1,0.482395839887
2015-02-21,1,0.797413980692
2015-02-22,0,0.493392040675
2015-02-21,0.5,0.52292410745
2015-02-21,1,0.366347089517
2015-02-22,0.5,0.56736845509
2015-03-01,1,0.608293310338
2015-02-28,0,0.406814856203
2015-04-29,0,0.142852835472
2013-04-13,1,0.68093839117
2015-02-28,1,0.638020984714
2015-02-28,1,0.617853926765
2015-03-07,0,0.300039688873
2015-02-28,1,0.592763573313
2015-02-28,1,0.369543529084
2015-02-28,0,0.589007646716
2015-03-03,1,0.342521494874
2015-03-03,0.5,0.46325638504
2015-03-04,0,0.250435109259
2015-03-03,1,0.556455573048
2015-03-04,0,0.248230543637
2014-04-13,1,0.427916088411
2015-03-04,1,0.7899743324
2015-03-04,0,0.369084671633
2015-03-04,1,0.48708003367
2015-03-04,1,0.579390769866
2015-03-14,1,0.680578350124
2015-03-14,1,0.151972514859
2015-03-15,0.5,0.69563818033
2010-05-01,1,0.648442059999
2015-03-15,1,0.564256830123
2015-03-14,0.5,0.427742395222
2015-03-15,1,0.525886763215
2013-04-13,0.5,0.562818485052
2015-03-16,0,0.31916581628
2015-03-14,1,0.396373162946
2015-03-21,0,0.406382215857
2015-03-22,0,0.20727911969
2015-03-22,0,0.52325424377
2015-03-21,1,0.752130730983
2015-03-21,0,0.30792896072
2015-03-22,0,0.299420685752
2015-03-21,1,0.666748167466
2015-03-21,0,0.529699977194
2015-03-21,1,0.74247305881
2015-03-21,1,0.582153099754
2015-04-04,1,0.526857627488
2015-04-05,0.5,0.318222617529
2015-04-04,1,0.748975883239
2015-04-06,1,0.266833522128
2015-04-04,1,0.496173668621
2015-04-04,1,0.32906072331
2015-04-04,1,0.796662820992
2015-04-05,1,0.435197039231
2015-04-04,1,0.598777806297
2015-04-04,0,0.59035501195
2015-04-11,0,0.218213323048
2013-04-21,0.5,0.445627443778
2015-04-12,1,0.455967728293
2015-04-12,0,0.137329070234
2015-04-11,1,0.660478977784
2015-04-11,0,0.380836191383
2015-04-11,0.5,0.428350526655
2015-04-11,0,0.6717220357
2015-04-11,0,0.571529216933
2015-04-11,0.5,0.480316871844
2015-05-20,0.5,0.717875914213
2015-04-07,0.5,0.500844215922
2015-04-18,1,0.580219654806
2015-04-18,0,0.659639370879
2015-04-18,1,0.655195668875
2015-04-28,1,0.279249684381
2015-04-18,1,0.372153222979
2015-04-19,1,0.696654713519
2015-04-19,0,0.378423775467
2015-04-18,1,0.41999215196
2015-04-26,0.5,0.404775803221
2015-04-25,0,0.489466133275
2015-04-25,0,0.6371612313
2015-04-26,1,0.40532372556
2015-04-25,1,0.777708536613
2015-04-25,0,0.416695170446
2015-04-25,0.5,0.387265238911
2015-04-25,0.5,0.484188951223
2015-04-25,0.5,0.600430709747
2015-04-25,0.5,0.2695377802
2015-05-02,1,0.314223152341
2015-05-03,1,0.772832623163
2015-05-04,0,0.236655423362
2015-05-02,1,0.503787338489
2010-05-03,1,0.389626858488
2010-05-02,1,0.502443149106
2010-05-02,0,0.3815752508
2010-05-09,1,0.462856052427
2010-05-09,1,0.701774699781
2010-05-09,1,0.816614604751
2010-05-09,1,0.252462243155
2010-05-09,1,0.40159144201
2010-05-09,0,0.615155854987
2010-05-09,1,0.621462012481
2010-05-09,1,0.762412724517
2015-05-09,0,0.594989681146
2010-05-09,0.5,0.295740238076
2015-05-10,1,0.815969488402
2015-05-09,0.5,0.420932179188
2015-05-09,1,0.4399441129
2015-05-16,0.5,0.344768253274
2015-05-16,0,0.658513608032
2015-05-17,0.5,0.412034971528
2015-05-16,1,0.391772048582
2015-05-16,1,0.544775186183
2013-04-28,0.5,0.309570188674
2015-05-16,1,0.613659796381
2015-05-18,1,0.267459920615
2015-05-16,0,0.396988179053
2015-05-24,1,0.634643627405
2015-05-24,0,0.54936041019
2015-05-24,1,0.794931431347
2015-05-24,0,0.480558761012
2015-05-24,0.5,0.288931913331
2015-05-24,1,0.588394373894
2015-05-24,1,0.729519112339
2015-05-24,1,0.410400715357
2015-05-24,1,0.411263324516
2013-04-27,1,0.619369995758
2014-04-12,1,0.535687582252
2015-08-15,0,0.564525431084
2013-05-04,0,0.596554198848
2015-08-15,1,0.652241151163
2014-10-18,1,0.744133215512
2013-05-04,0,0.252413132526
2015-08-15,0,0.49002558548
2015-08-15,0.5,0.569392865305
2016-03-05,0.5,0.616507554145
2014-04-06,0,0.271098728483
2013-05-04,0.5,0.500617406318
2015-08-15,0.5,0.508180010829
2013-05-12,1,0.667535161557
2015-08-15,0,0.478240017008
2013-05-14,0,0.167133908158
2014-04-19,0.5,0.388363039201
2010-08-14,1,0.627081150287
2010-08-14,1,0.382941956299
2011-04-16,0,0.487743808905
2010-08-14,0.5,0.448321131068
2010-08-14,1,0.779575261415
2010-08-15,0.5,0.483423181023
2010-08-16,1,0.81310300374
2010-08-14,0.5,0.485572117497
2010-08-14,0.5,0.551276602078
2010-08-14,1,0.462762913752
2010-08-21,1,0.617488293579
2010-08-21,0,0.497998454603
2010-08-21,0.5,0.630078504602
2010-08-22,1,0.36818420209
2010-08-23,1,0.47906479653
2010-08-22,0.5,0.247569577693
2010-08-21,1,0.450647003791
2010-08-21,1,0.4738728694
2010-08-21,0,0.388459391901
2010-08-21,0,0.180104007803
2010-08-28,1,0.839513224907
2010-08-29,1,0.634214247528
2010-08-29,1,0.320611174588
2010-08-28,0,0.670798371475
2010-08-29,1,0.463632391041
2010-08-28,0.5,0.526746300879
2010-08-28,0,0.342569089414
2010-08-29,0.5,0.423815614102
2010-08-28,0.5,0.510877086585
2010-08-28,1,0.788473017144
2010-09-11,1,0.678102943183
2010-09-11,0,0.206066304434
2010-09-11,0.5,0.287757434276
2010-09-11,0,0.463646093286
2010-09-11,0.5,0.576355072007
2010-09-11,1,0.515119133803
2010-09-12,0.5,0.442682371153
2010-09-11,0.5,0.352655344278
2010-09-13,1,0.339731457382
2010-09-11,0.5,0.468348590334
2010-09-19,1,0.710069517744
2010-09-18,0.5,0.306738441125
2010-09-18,1,0.623469447626
2010-09-18,0.5,0.617242380578
2010-09-18,0,0.629760694591
2010-09-18,0.5,0.521773352387
2010-09-18,1,0.422113231859
2010-09-18,0.5,0.569046853099
2010-09-19,0,0.347711174195
2010-09-19,1,0.707881382708
2010-09-25,0,0.708760780361
2010-09-25,0.5,0.627393136044
2010-09-25,1,0.345810252743
2010-09-26,0,0.511921503634
2010-09-25,1,0.312690703261
2010-09-26,0,0.392394111615
2010-09-25,0.5,0.406475908977
2010-09-25,0.5,0.577113360401
2010-09-26,0.5,0.16816228143
2010-09-25,0,0.497688771759
2010-10-03,0,0.603770135788
2010-10-02,0.5,0.271165937385
2010-10-02,1,0.509026229167
2010-10-02,0.5,0.439446674011
2010-10-03,1,0.659165529073
2010-10-02,0,0.417486131705
2010-10-02,0.5,0.526947375349
2010-10-02,1,0.458260092913
2010-10-02,1,0.508797472127
2010-10-03,1,0.652159474632
2010-10-16,0.5,0.756135370632
2010-10-16,1,0.634962333154
2010-10-16,0.5,0.299611968388
2010-10-17,1,0.541556079321
2010-10-16,0.5,0.500080577394
2010-10-16,0.5,0.461170210073
2010-10-18,0.5,0.526176019291
2010-10-16,0,0.376113061592
2010-10-16,1,0.447533109431
2010-10-17,0,0.381676734513
2010-10-24,1,0.511491228929
2010-10-23,1,0.448604306376
2010-10-23,0.5,0.482038645175
2010-10-23,0,0.487539793546
2010-10-24,0,0.468837121476
2010-10-23,1,0.461846113389
2010-10-23,1,0.520092713718
2010-10-24,0,0.231524684475
2010-10-23,0.5,0.436159660234
2010-10-23,1,0.786555755928
2010-10-30,1,0.656411392191
2010-10-30,1,0.717843552631
2010-10-31,0.5,0.555343412481
2010-10-30,1,0.654426901069
2010-10-31,1,0.454302614266
2010-10-30,1,0.308964019496
2010-10-30,0,0.238024428802
2010-10-30,1,0.511499478998
2010-10-31,0,0.415291503434
2010-11-06,1,0.738881251861
2010-11-07,0,0.633416547698
2010-11-07,1,0.312391032736
2010-11-06,1,0.565202342186
2010-11-06,1,0.548966089633
2010-11-06,0.5,0.458106351566
2010-11-06,0.5,0.587160375947
2010-11-06,1,0.372749338663
2010-11-06,0.5,0.351151229686
2010-11-09,0.5,0.602447540502
2010-11-10,0.5,0.40710863117
2010-11-10,0,0.298730914283
2010-11-09,1,0.457087600883
2010-11-10,0.5,0.306815766533
2010-11-10,0.5,0.64129471364
2010-11-10,0,0.529846246914
2010-11-10,0.5,0.304371094453
2010-11-10,1,0.736658870108
2010-11-13,1,0.544190849789
2010-11-13,0.5,0.428550133246
2010-11-13,0.5,0.268473699944
2010-11-14,0,0.467777729052
2010-11-13,0.5,0.517842897154
2010-11-13,0.5,0.633037669145
2010-11-13,0,0.455167190213
2010-11-13,1,0.400876888912
2010-11-13,1,0.4215599828
2010-11-14,0,0.729078762666
2010-11-20,1,0.767189931055
2010-11-20,0,0.584857220077
2010-11-20,1,0.634366795244
2010-11-22,0.5,0.424969135224
2010-11-21,1,0.488596085155
2010-11-21,0,0.395058615832
2010-11-20,1,0.26058858246
2010-11-20,1,0.5035471874
2010-11-20,0,0.475329451021
2010-11-20,1,0.585754951544
2010-11-27,1,0.737946388419
2010-11-28,1,0.519613287838
2010-11-27,1,0.44997776797
2010-11-27,0,0.402530471342
2010-11-27,0,0.606102428795
2010-11-28,0.5,0.285208182701
2010-11-27,1,0.356958446023
2010-11-27,0.5,0.477847632308
2010-11-27,0.5,0.497669557986
2010-11-27,0.5,0.428879060421
2010-12-04,1,0.635536117831
2010-12-06,1,0.533396303388
2010-12-05,1,0.603707516125
2010-12-04,1,0.603066316891
2010-12-04,1,0.610490013563
2010-12-04,0.5,0.354532107083
2010-12-05,1,0.523118726382
2011-01-25,0,0.215938829335
2010-12-04,0.5,0.395947644165
2010-12-04,0.5,0.666672245396
2010-12-13,1,0.656477045113
2010-12-12,0.5,0.439322179115
2010-12-11,0,0.308907745883
2010-12-11,1,0.469813678163
2010-12-11,0.5,0.640081648205
2010-12-11,1,0.405406071108
2010-12-11,0.5,0.43126180319
2010-12-12,1,0.463185886358
2010-12-11,0,0.544642573455
2011-02-23,1,0.744631733024
2011-01-26,1,0.528029105547
2010-12-18,1,0.516812320676
2010-12-20,0,0.580747458035
2010-12-18,0.5,0.617678903032
2011-02-15,0,0.558062766988
2011-02-20,0.5,0.548368620267
2011-02-22,1,0.277597424521
2011-01-25,0,0.397371978129
2011-03-01,1,0.364096212593
2010-12-26,1,0.73501423301
2010-12-27,1,0.434954950119
2010-12-26,0,0.40059992483
2011-03-09,0.5,0.561814693567
2010-12-26,0,0.3724496297
2010-12-26,0,0.488523708046
2010-12-26,0,0.498128019837
2010-12-26,0,0.583928614229
2010-12-26,1,0.514103472762
2011-01-12,1,0.476978747935
2010-12-29,0,0.631690711765
2010-12-28,0,0.525206232577
2010-12-28,1,0.659105974379
2010-12-28,0.5,0.339307396596
2010-12-28,1,0.558823943317
2010-12-28,0.5,0.2287775296
2010-12-28,0,0.501273996167
2010-12-28,0,0.588593826185
2010-12-29,0.5,0.321678909363
2010-12-29,1,0.672405787393
2016-03-01,0.5,0.670815291138
2011-01-01,1,0.55802284383
2011-01-01,1,0.489417078258
2011-01-01,1,0.695485185517
2011-01-01,1,0.480925570447
2011-01-01,1,0.582500331259
2011-01-01,0,0.335971202952
2011-01-01,0,0.215836095406
2011-01-01,1,0.439956581315
2011-01-02,0,0.527932915618
2011-01-02,0.5,0.668937936126
2011-01-04,1,0.728915411862
2011-01-05,0.5,0.542307544666
2011-01-05,1,0.231237541183
2011-01-05,0.5,0.514788985483
2011-01-04,0,0.541966537853
2011-01-05,0,0.486478059858
2011-01-05,1,0.383684262005
2011-01-05,1,0.541251288337
2011-01-05,1,0.47062506797
2011-01-16,0.5,0.430028084924
2011-01-16,0.5,0.551490599569
2011-01-16,0.5,0.295577572577
2011-01-15,0,0.258294238564
2011-01-15,1,0.703667820553
2011-01-15,1,0.41634734303
2011-01-15,1,0.510288931377
2011-01-15,0.5,0.452172451609
2011-01-15,1,0.636104343859
2011-01-22,1,0.749184231217
2011-01-22,1,0.34110019718
2011-01-22,0.5,0.663769874777
2011-01-22,0.5,0.382946556776
2011-01-22,0,0.397502133421
2011-01-23,1,0.526267381802
2011-01-22,1,0.471424575598
2011-01-24,0,0.322898535518
2011-01-22,0,0.461904335001
2011-02-01,1,0.790117527055
2011-02-01,1,0.62385927697
2011-02-01,0,0.349633428108
2011-02-02,0.5,0.397436964243
2011-02-02,1,0.534748225437
2011-02-02,0,0.524460688367
2011-02-02,1,0.581686510323
2011-02-02,0,0.400542075615
2011-02-02,1,0.478051341708
2011-02-05,1,0.680956095082
2011-02-06,0,0.461791122016
2011-02-05,0.5,0.513561191678
2011-02-05,1,0.56856270694
2011-02-05,0.5,0.287651213836
2011-02-05,1,0.680173013832
2011-02-05,1,0.132397275897
2011-02-05,1,0.469785211887
2011-02-05,1,0.409932350393
2011-02-06,0,0.637728698886
2011-02-12,1,0.623790624407
2011-02-12,1,0.762406207136
2011-02-12,0.5,0.658297883403
2011-02-12,0,0.370672544318
2011-02-12,0.5,0.493162356038
2011-02-14,0.5,0.341713153042
2011-02-12,1,0.553932920843
2011-02-13,1,0.371972420377
2011-02-12,0.5,0.509071310969
2011-02-12,0.5,0.421410398685
2011-04-20,0.5,0.465815094432
2011-02-27,1,0.355788136328
2011-02-26,1,0.538043739789
2011-02-26,1,0.542969120319
2011-02-26,0.5,0.533962536827
2011-02-27,0.5,0.6293738226
2011-02-26,1,0.427049654924
2011-02-28,0.5,0.503477641532
2011-02-26,0,0.206181165844
2011-04-20,1,0.690968428841
2011-03-05,0.5,0.696967942856
2011-03-06,1,0.334456019885
2011-03-05,1,0.537965102702
2011-03-05,0,0.446017814894
2011-03-05,1,0.655656085564
2011-03-06,0.5,0.280733692729
2011-03-05,1,0.515939654037
2011-03-05,0,0.59145795872
2011-03-05,1,0.468289019432
2011-03-07,0,0.319179767118
2011-03-19,1,0.655842589666
2011-03-20,0,0.427423069672
2011-03-19,0.5,0.664697865668
2011-03-19,0,0.574124653525
2011-03-19,1,0.568608782076
2011-03-19,0.5,0.477715384608
2011-03-19,0.5,0.276324444349
2011-03-19,1,0.459418816228
2011-03-19,1,0.408808373991
2011-03-20,1,0.561725054668
2011-04-02,0.5,0.748925556166
2011-04-02,0,0.328182793672
2011-04-02,0.5,0.595761265074
2011-04-02,1,0.494127492798
2011-04-03,1,0.602942960629
2011-04-03,1,0.534720308087
2011-04-02,1,0.504571981997
2011-04-02,0.5,0.273663310029
2011-04-02,0.5,0.313985982768
2011-04-09,1,0.684692564426
2011-04-11,1,0.480427594887
2011-04-09,1,0.643633148281
2011-04-10,1,0.527782024295
2011-04-09,0,0.357514365802
2011-04-09,0.5,0.459154027547
2011-04-09,1,0.483152865874
2011-04-10,0,0.279176094067
2011-04-09,1,0.719162877593
2011-04-17,0.5,0.585853478214
2011-04-16,0,0.464734413257
2011-04-16,1,0.632049224746
2011-04-19,0.5,0.264198615735
2011-05-10,1,0.506367527719
2011-04-27,1,0.472326234773
2011-04-16,1,0.527138541661
2011-04-16,0,0.26285736392
2011-04-26,1,0.56470991775
2010-08-14,0,0.43301783766
2011-04-23,1,0.581255113313
2011-04-23,1,0.596771259053
2011-04-23,1,0.493446307454
2011-04-23,0.5,0.695119172655
2011-04-23,0.5,0.562560525587
2011-04-23,0.5,0.413647365962
2011-04-25,0,0.358198548423
2011-04-24,1,0.301660625377
2011-04-23,0.5,0.416657224241
2011-04-23,1,0.761238113651
2011-05-01,1,0.405015871136
2011-05-01,1,0.628156424506
2011-04-30,0,0.459428950381
2011-05-01,1,0.657695777117
2011-04-30,1,0.466233076781
2011-05-01,0.5,0.615065283732
2015-08-16,1,0.457544401623
2011-04-30,0.5,0.437704956584
2011-04-30,0.5,0.338081425952
2011-04-30,1,0.61940076165
2011-05-08,1,0.43078780994
2011-05-07,0.5,0.676854927832
2011-05-07,0.5,0.497432812953
2011-05-07,0.5,0.58214230484
2011-05-07,1,0.467758210405
2011-05-07,1,0.481819017809
2011-05-09,0,0.407524893107
2011-05-07,0,0.522359145879
2011-05-08,1,0.304726263379
2011-05-15,0,0.617268532517
2011-05-15,0,0.609421504365
2011-05-14,0,0.602817970729
2011-05-17,1,0.665373640458
2011-05-14,0.5,0.254607396466
2011-05-15,0,0.452683803052
2011-05-14,1,0.444778687995
2011-05-15,1,0.487226516236
2011-05-15,0.5,0.711420378836
2011-05-22,1,0.797307930172
2011-05-22,1,0.614423252024
2011-05-22,0,0.467239488908
2011-05-22,1,0.401279918368
2011-05-22,1,0.3429114604
2011-05-22,0.5,0.538359247285
2011-05-22,0,0.448635803319
2011-05-22,0.5,0.438503112967
2011-05-22,0,0.29973434902
2011-05-22,0,0.556180221762
2016-03-20,0,0.611246945406
2014-04-26,1,0.792309971343
2013-01-30,0.5,0.335668878478
2014-04-27,1,0.546515314673
2014-09-27,0,0.210358081856
2015-08-22,1,0.566320102174
2014-04-26,1,0.524689031796
2014-04-26,1,0.506222015658
2015-08-23,0.5,0.509093664513
2014-05-04,1,0.736989932537
2015-08-29,0,0.678830985556
2014-05-03,1,0.43789178924
2015-08-29,0.5,0.594353283301
2014-05-04,0.5,0.795173839087
2015-09-12,1,0.440158183166
2014-05-05,0.5,0.297752147134
2014-10-26,0,0.266188306119
2015-09-19,1,0.513532678698
2014-05-03,0,0.366312302561
2014-05-03,0,0.735414635941
2015-09-19,0.5,0.477792796041
2015-09-26,0.5,0.210773778778
2014-05-03,1,0.563924724032
2015-09-26,0.5,0.596674302661
2015-08-14,0,0.336832882257
2016-05-15,1,0.810310644221
2016-05-15,0.5,0.423837223571
2016-05-17,1,0.71190778016
2016-05-15,1,0.259486360532
2016-05-15,1,0.661476305484
2014-05-03,1,0.551290597481
2016-05-15,0.5,0.3889519681
2016-05-15,0.5,0.483652088466
2016-05-15,0.5,0.453422549032
2015-10-04,0.5,0.441556820772
2014-05-03,0,0.403543081068
2013-08-17,0,0.693157398386
2013-08-18,1,0.733300717053
2013-08-18,0,0.337589501882
2013-08-17,1,0.640594516766
2014-05-11,0,0.255139936201
2015-10-17,0.5,0.575864557931
2013-08-19,1,0.741960139584
2013-08-17,0.5,0.373204538836
2015-10-24,1,0.555568706534
2013-08-17,0,0.502909610991
2015-10-24,1,0.322994253171
2013-08-17,0,0.211347170303
2014-05-11,0,0.261664664523
2015-11-01,1,0.614793883399
2013-08-17,1,0.49220728498
2016-03-02,1,0.611297940856
2015-11-08,0.5,0.203253417823
2014-05-11,1,0.801877190335
2013-01-12,0,0.421843334232
2014-05-11,0,0.196143137419
2015-11-07,1,0.446350091486
2014-05-11,0.5,0.374866821679
2015-11-21,0,0.614619318224
2015-11-21,1,0.219812075492
2015-11-28,1,0.57615930697
2014-05-11,1,0.669491288303
2013-01-19,1,0.751515090344
2015-12-05,0,0.714681726557
2014-05-11,0,0.44562450066
2013-08-24,0.5,0.655791195114
2013-08-24,0,0.381352602501
2014-08-17,0,0.216504909345
2013-01-19,1,0.473334717681
2015-12-14,1,0.482491974793
2015-12-12,0.5,0.439776539545
2015-12-19,0,0.369585138209
2008-08-17,0.5,0.5
2008-08-16,1,0.5
2008-08-16,0,0.5
2008-08-16,1,0.5
2008-08-16,0,0.5
2008-08-16,1,0.5
2008-08-16,1,0.5
2008-08-16,1,0.5
2008-08-17,1,0.5
2008-08-23,1,0.497878843427
2008-08-23,0,0.5
2008-08-23,1,0.476684060229
2014-08-31,0.5,0.305528857763
2008-08-23,0.5,0.504242236797
2008-08-23,1,0.459781092039
2008-08-23,0,0.50212153373
2008-08-25,0,0.480915358057
2008-08-23,1,0.487273470628
2008-08-24,0,0.461889993551
2009-02-18,1,0.66147980977
2008-08-30,1,0.476277920316
2008-08-30,1,0.504402066671
2008-08-31,0.5,0.442290138964
2008-08-30,0,0.541553250445
2008-08-30,1,0.486584163391
2008-08-30,0.5,0.537415213159
2008-08-30,0,0.551502372204
2008-08-31,0.5,0.574193473606
2008-09-13,1,0.509496365036
2008-09-15,0,0.493449668109
2008-09-13,0,0.496731721226
2008-09-13,0,0.464052140694
2008-09-13,0,0.481626519448
2008-09-13,1,0.501987197637
2008-09-13,1,0.433721492007
2008-09-13,1,0.468554392812
2008-09-14,0,0.505427526531
2008-09-13,0.5,0.491223299978
2008-09-20,0.5,0.581842434229
2008-09-20,1,0.500316826521
2008-09-21,0.5,0.470976511383
2008-09-20,1,0.537674750607
2008-09-21,1,0.474129505989
2008-09-20,1,0.454890816448
2008-09-20,0,0.439865160785
2008-09-21,0,0.493797466323
2008-09-21,0.5,0.516927899217
2008-09-21,0.5,0.556004774211
2008-09-27,1,0.537491903095
2008-09-27,0,0.540362625583
2008-09-27,1,0.506056499295
2008-09-27,0,0.452886527061
2008-09-27,0,0.506316566597
2008-09-27,0,0.457057269541
2008-09-28,1,0.522725305576
2008-09-27,0,0.436634358791
2008-09-28,1,0.477120957944
2008-10-05,0,0.407482692476
2008-10-05,0,0.617153561459
2008-10-05,0.5,0.518804132409
2008-10-05,0,0.42227234045
2008-10-04,0,0.482838234078
2008-10-04,1,0.519424195668
2008-10-05,1,0.540464784448
2008-10-04,0,0.540506593708
2008-10-05,1,0.51476538536
2008-10-18,1,0.51744345787
2008-10-18,1,0.548148833819
2008-10-18,1,0.588028318505
2008-10-18,0.5,0.499214988544
2008-10-18,0,0.433837956655
2008-10-20,0.5,0.509816157974
2008-10-19,1,0.527808030823
2008-10-19,1,0.524311589924
2008-10-26,1,0.459205512048
2008-10-26,0,0.463217908753
2008-10-25,0.5,0.409283073156
2008-10-26,1,0.49993754319
2008-10-25,0,0.418895734257
2008-10-26,0.5,0.563316335924
2008-10-26,0,0.446267004221
2008-10-26,0,0.504616694838
2008-10-29,1,0.553698351917
2008-10-29,0.5,0.616787278609
2008-10-29,1,0.474971972044
2008-10-29,0,0.482769757828
2008-10-29,0,0.524787309957
2008-10-29,1,0.571960907848
2008-10-28,1,0.503949045647
2008-10-29,1,0.502255401037
2008-11-01,1,0.485059997591
2008-11-01,1,0.325260052021
2008-11-01,1,0.509115232923
2008-11-01,0.5,0.518530768177
2008-11-03,1,0.459121850805
2008-11-02,1,0.4608287008
2008-11-01,0.5,0.470992219243
2008-11-01,0,0.569098583631
2008-11-01,1,0.394109367435
2008-11-01,1,0.595364307163
2008-11-08,1,0.452205305296
2008-11-08,1,0.626051522471
2008-11-08,0,0.51301648044
2008-11-08,0,0.464089728493
2008-11-09,0,0.527093292856
2008-11-09,0,0.494290630564
2008-11-09,1,0.435420676873
2008-11-08,0,0.599132664847
2008-11-08,0.5,0.490074053639
2008-11-15,1,0.574765486545
2008-11-15,0,0.55600261565
2008-11-15,0.5,0.466831317535
2008-11-16,0.5,0.51736133032
2008-11-15,0.5,0.541475349415
2008-11-15,0,0.524577808958
2008-11-15,1,0.50628780527
2008-11-15,0,0.377481953217
2008-11-15,0,0.361626272711
2008-11-16,0.5,0.585872117686
2008-11-22,0.5,0.602691488315
2008-11-23,0,0.534143037909
2008-11-23,1,0.493967087299
2008-11-22,0.5,0.462246100075
2008-11-22,0,0.553030087319
2008-11-22,1,0.409011770133
2008-11-22,0.5,0.476241841913
2008-11-22,1,0.533278566387
2008-11-24,1,0.429381549219
2008-11-22,0.5,0.628827568435
2008-12-01,0.5,0.636613262417
2008-11-29,0,0.484009894333
2008-11-30,0,0.480337179016
2008-11-29,0.5,0.51441142275
2008-11-29,0.5,0.495276156324
2008-11-30,0,0.396085825528
2008-11-30,1,0.557085868052
2008-11-29,0.5,0.453638819375
2008-11-29,1,0.590947591335
2008-11-30,0,0.589176847801
2008-12-06,1,0.53323716576
2008-12-08,0,0.531547022684
2008-12-07,0,0.504824262021
2008-12-06,0.5,0.509953488907
2008-12-06,0,0.336593441071
2008-12-06,0.5,0.56023070326
2008-12-06,0,0.42179357869
2008-12-07,0.5,0.370634346569
2008-12-06,1,0.528825323959
2008-12-13,0.5,0.582112634377
2008-12-13,1,0.550843664992
2008-12-13,0.5,0.388577928836
2008-12-13,1,0.560759340929
2008-12-13,0.5,0.420888706253
2008-12-13,0,0.436006384326
2008-12-14,0,0.52142591412
2008-12-13,0.5,0.473658096877
2008-12-13,1,0.566978672446
2008-12-14,0.5,0.633657759226
2009-01-14,1,0.540419899189
2008-12-21,0.5,0.4524386926
2008-12-20,0,0.414828011634
2008-12-22,0.5,0.412159425492
2008-12-21,1,0.519273235983
2008-12-20,1,0.433371664238
2008-12-20,1,0.523661303672
2008-12-20,1,0.480118403572
2008-12-21,1,0.457427265173
2008-12-20,0,0.566011536459
2008-12-26,1,0.614325926446
2014-09-27,1,0.729138049089
2008-12-26,0.5,0.558785409165
2008-12-26,0.5,0.4382570655
2008-12-26,0.5,0.531605443152
2008-12-26,0,0.447307478175
2008-12-26,1,0.38855122757
2008-12-26,0,0.514563369006
2008-12-26,0,0.396980311125
2008-12-26,1,0.463722525515
2008-12-26,1,0.673853306589
2008-12-29,1,0.627152844375
2008-12-28,1,0.590089249082
2008-12-28,1,0.539869018814
2008-12-28,1,0.542305175352
2008-12-28,0,0.399436529197
2008-12-28,0.5,0.488768284135
2008-12-28,0.5,0.423117143766
2008-12-28,0,0.461445992099
2008-12-28,1,0.456871795596
2008-12-30,0,0.424085708942
2009-01-11,1,0.500395640512
2009-01-10,1,0.603461600311
2009-01-10,1,0.656876964678
2009-01-10,1,0.573802278449
2009-01-10,0.5,0.474751985207
2009-01-10,0.5,0.496578844851
2009-03-11,0,0.508470507182
2009-02-14,1,0.424956428195
2009-01-10,0.5,0.31217338054
2009-01-11,1,0.589610383124
2009-01-19,0.5,0.56518205279
2009-01-17,0,0.368983322512
2009-01-18,0.5,0.480710934939
2009-01-18,1,0.474139778425
2009-01-17,1,0.409322787159
2009-01-17,1,0.447749372847
2009-01-17,0,0.336268903943
2009-01-17,1,0.47736422706
2009-01-17,0,0.391527798239
2009-01-17,1,0.638133869154
2009-01-27,1,0.462244034916
2009-01-27,1,0.504664585424
2009-01-28,1,0.558058734052
2009-01-27,0,0.327488207306
2009-01-27,0,0.353319244924
2009-01-28,0.5,0.384711632781
2009-01-28,0.5,0.48176909102
2009-01-28,1,0.492941451381
2009-01-28,0.5,0.516024166721
2009-01-28,1,0.670522142874
2009-01-31,1,0.571349750721
2009-01-31,0.5,0.549847315241
2009-02-01,1,0.504602206652
2009-01-31,0.5,0.619279268761
2009-01-31,0.5,0.497625806635
2009-02-01,0.5,0.48109745065
2009-01-31,1,0.527310635546
2009-01-31,1,0.489866946058
2009-01-31,0.5,0.534779823062
2009-01-31,1,0.426525405179
2009-02-07,1,0.539273988799
2009-02-08,0.5,0.358586217853
2009-02-08,0,0.400703512739
2009-02-07,1,0.573996780316
2009-02-07,1,0.526596851319
2009-02-07,0,0.347125482664
2009-02-07,0,0.453485068364
2009-02-07,0,0.3220343065
2009-02-07,0.5,0.504161836201
2009-02-07,0.5,0.631096894823
2009-02-21,1,0.681300631221
2009-02-21,0.5,0.575285661482
2009-02-22,0.5,0.665900876571
2009-02-21,0,0.564410018217
2009-02-21,0.5,0.410379413199
2009-02-22,0.5,0.442827568958
2009-02-21,1,0.428836590556
2009-02-23,0,0.484806510106
2009-02-21,0.5,0.498177825466
2009-04-22,1,0.692281946496
2009-02-28,0.5,0.580603657396
2009-03-07,0.5,0.513512114954
2009-03-01,1,0.537854990846
2009-03-01,0.5,0.661336167129
2009-02-28,1,0.653087457117
2009-02-28,1,0.298358409417
2009-03-01,1,0.449979989253
2009-03-01,0,0.511652682995
2009-02-28,1,0.598115826917
2009-03-04,1,0.505628330176
2009-03-03,0,0.321767770475
2009-03-03,0,0.317864734383
2009-03-04,1,0.444216275656
2009-03-04,0,0.460867844688
2009-03-04,0,0.293251363793
2009-03-04,1,0.354900354627
2009-03-04,0.5,0.39180456944
2009-03-04,0,0.570769038009
2009-03-14,0,0.585827351226
2009-03-14,1,0.593283474773
2014-10-05,1,0.513968800967
2009-03-16,0.5,0.640550352689
2009-03-15,0,0.581077573397
2009-03-14,1,0.613624042666
2009-03-14,0.5,0.512331818015
2009-03-14,0,0.525500159135
2009-03-14,0.5,0.491781629749
2009-03-15,1,0.630322232072
2009-03-22,1,0.597480922749
2009-03-21,1,0.392864727932
2009-03-21,0,0.378685266004
2014-10-18,0.5,0.682610754575
2009-03-21,1,0.299551664546
2009-03-21,0.5,0.440093786759
2009-03-21,1,0.341286620856
2009-03-21,1,0.505225276687
2009-03-22,1,0.525406527293
2009-04-05,1,0.595948292122
2009-04-04,1,0.640731436785
2009-04-05,1,0.575954085099
2009-04-04,0,0.350495473706
2009-04-04,1,0.420896600185
2009-04-04,0,0.36064159115
2009-04-04,1,0.523056749031
2009-04-04,0,0.448795292999
2009-04-04,0.5,0.479685872622
2009-04-11,1,0.665633348029
2014-10-18,1,0.649622454551
2009-04-12,0.5,0.441656926978
2009-04-11,1,0.46509315892
2009-04-12,0,0.47572747291
2009-04-11,0.5,0.579444603661
2009-04-11,0.5,0.523513597177
2009-04-11,0,0.394283203875
2009-04-11,1,0.657412074216
2009-04-21,0.5,0.582577541771
2009-04-19,1,0.564599623737
2009-04-18,0.5,0.412959102841
2009-04-19,1,0.577293651172
2009-04-18,1,0.493406193158
2009-04-18,1,0.488652392094
2009-05-13,0,0.250232923165
2009-04-22,0.5,0.565797534647
2009-04-25,1,0.642078974884
2009-04-26,1,0.68493611391
2009-04-25,0,0.6062946171
2009-04-27,0.5,0.494818256609
2009-04-26,1,0.503871590425
2009-04-25,1,0.526954350642
2009-04-25,0.5,0.413380193679
2009-04-25,1,0.355216126642
2009-04-25,0,0.270820143519
2009-05-03,1,0.728253828868
2009-05-02,1,0.633572751947
2009-05-04,1,0.621281594544
2009-05-02,0,0.2907909508
2009-05-02,1,0.510776358165
2009-05-02,0,0.340319979204
2009-05-02,0.5,0.510338623818
2009-05-02,1,0.625586598964
2009-05-10,1,0.680057558457
2009-05-10,0,0.442085821213
2009-05-09,0.5,0.536892440581
2009-05-11,1,0.511105811621
2009-05-09,1,0.539451574244
2009-05-09,1,0.455868067045
2009-05-09,1,0.483029049708
2009-05-09,0,0.429644934599
2009-05-16,0.5,0.615750546707
2009-05-16,1,0.538951503467
2009-05-16,0.5,0.384248923436
2009-05-16,0,0.430743155828
2009-05-16,0.5,0.548717120313
2009-05-17,0,0.265294967587
2009-05-16,1,0.566485701909
2009-05-24,1,0.590768016213
2009-05-24,1,0.666429451239
2014-10-27,1,0.41882851701
2009-05-24,1,0.618964668838
2009-05-24,1,0.590132857921
2009-05-24,1,0.543868518424
2009-05-24,0.5,0.580969495662
2009-05-24,0,0.496184647762
2009-05-24,0,0.320599180163
2009-05-24,1,0.471946106417
2016-02-02,1,0.580264188192
2014-10-25,0,0.332702852741
2014-10-25,1,0.505527023199
2014-10-26,0,0.632014155409
2015-08-10,0,0.289455270205
2014-10-25,0.5,0.51373441171
2014-10-25,1,0.257069604523
2014-11-01,1,0.770727012852
2014-11-02,0,0.361096324834
2014-11-01,1,0.798086892369
2014-11-03,0,0.514581871252
2014-11-01,0.5,0.624298331864
2014-11-01,0,0.360886236747
2014-11-01,0,0.46851340122
2016-02-06,0.5,0.601050069237
2014-11-02,1,0.64341844447
2014-11-01,1,0.289957289669
2014-11-01,0.5,0.410517202992
2014-11-08,1,0.443985373654
2014-11-08,0,0.355003079749
2016-02-06,1,0.622129308108
2014-11-08,0.5,0.197170827957
2014-11-08,1,0.646445886215
2014-11-09,0.5,0.355001452281
2014-11-09,1,0.345455544426
2014-11-09,0,0.551101946939
2014-11-09,0,0.519814976282
2016-02-13,0,0.579657197505
2014-11-08,0.5,0.653459408074
2014-11-22,0,0.542541865056
2014-11-24,0.5,0.347486555732
2016-05-15,1,0.434018856015
2014-11-22,1,0.780403010784
2015-08-24,0.5,0.573544210985
2014-11-23,1,0.351452615791
2015-08-23,0,0.262661400993
2015-08-22,0.5,0.404340610832
2015-08-22,0.5,0.691131831657
2015-08-22,0.5,0.36692436766
2015-08-22,0.5,0.342489296149
2014-11-22,1,0.613672051122
2015-08-23,0,0.271438237046
2015-08-22,0,0.500180881502
2015-08-29,0.5,0.478413558097
2015-08-29,0.5,0.444732924581
2015-08-29,0,0.681723954042
2014-11-23,0,0.423893257145
2015-08-29,1,0.788010889446
2015-08-29,0,0.231476688183
2015-08-30,1,0.56926068169
2015-08-29,0,0.538072969241
2015-08-30,1,0.471728239359
2014-11-22,0.5,0.42466194678
2015-09-12,1,0.731174895762
2015-09-12,0,0.259550149597
2015-09-12,1,0.302611267068
2015-09-13,1,0.545708370263
2015-09-12,1,0.547436425453
2014-11-22,1,0.744874439539
2015-09-13,0,0.384801451085
2015-09-12,1,0.363230734745
2015-09-12,0.5,0.515593312129
2015-09-14,1,0.560081213291
2015-09-19,0,0.420262356743
2014-11-22,1,0.597382099781
2015-09-19,1,0.432116844906
2015-09-20,0.5,0.684941521105
2015-09-19,0,0.736003663178
2015-09-19,0,0.409553956965
2015-09-20,0,0.351445952829
2014-11-22,0,0.615223255947
2015-09-19,0.5,0.561745135281
2015-09-20,1,0.56252725059
2015-09-26,0,0.296515127952
2015-09-26,1,0.652713769417
2015-09-26,1,0.749974103414
2014-11-29,0.5,0.460612519535
2015-09-26,1,0.411065702029
2015-09-26,1,0.549482846431
2015-09-26,1,0.4506897755
2015-09-27,0,0.507398137303
2015-09-28,0,0.511113526429
2014-11-29,1,0.668735348148
2015-10-04,1,0.561667763117
2015-10-03,0,0.400663819912
2015-10-03,0.5,0.475928910566
2015-10-03,0,0.735502052108
2015-10-03,1,0.484356802098
2014-11-29,1,0.717920551064
2015-10-03,1,0.765539858022
2015-10-03,0,0.419691282142
2015-10-03,0.5,0.406002546731
2015-10-04,0.5,0.414140916202
2015-10-17,1,0.685626973228
2015-10-17,0,0.525821913361
2015-10-17,0,0.473309636024
2015-10-17,1,0.727035497475
2015-10-18,1,0.50816568049
2015-10-17,0.5,0.511800125923
2015-10-19,0,0.516485386106
2014-11-30,0,0.317675709617
2015-10-17,0,0.231214026121
2015-10-17,1,0.592974103043
2015-10-24,1,0.653600402077
2015-10-24,0,0.389013973306
2015-10-25,0,0.303739880411
2014-11-29,0.5,0.22308321805
2015-10-25,0.5,0.553040934118
2015-10-25,0.5,0.472404592967
2015-10-24,0,0.376625295181
2015-10-24,0,0.599933173126
2015-10-25,1,0.465234519965
2014-11-29,0.5,0.52204961858
2015-10-31,0,0.583082049173
2015-10-31,0.5,0.386634019169
2015-11-01,1,0.613774508077
2015-10-31,1,0.787437020221
2015-10-31,0.5,0.335031276992
2014-11-30,1,0.424223556713
2015-10-31,0,0.290790216567
2015-11-02,1,0.781574483239
2015-10-31,1,0.450969878011
2015-10-31,0,0.48237657913
2015-11-08,0.5,0.594049895141
2014-11-29,0,0.365760276561
2015-11-07,0,0.504543424577
2015-11-07,1,0.547223189228
2015-11-08,0,0.565789552241
2015-11-07,1,0.651575132072
2015-11-07,1,0.344887068213
2014-11-29,1,0.510862595222
2015-11-07,0,0.343802138509
2015-11-07,0.5,0.463619622901
2015-11-21,1,0.698194424117
2015-11-23,0,0.668605288558
2015-11-21,1,0.67514439256
2014-12-03,1,0.535957625007
2015-11-21,0,0.338606093996
2015-11-21,0,0.480435829091
2015-11-21,0.5,0.601579152457
2015-11-22,1,0.653436769991
2015-11-21,0,0.375721739747
2014-12-02,0.5,0.473025936327
2015-11-28,0,0.372317099255
2015-11-28,0.5,0.326497524214
2015-11-28,1,0.632566633625
2015-11-28,0.5,0.423596121699
2015-11-29,1,0.571639761986
2014-12-02,0,0.260272994451
2015-11-29,0.5,0.181871703689
2015-11-28,1,0.325200389716
2015-11-29,0.5,0.550824348093
2015-11-29,0.5,0.48233224852
2015-12-05,1,0.756216563854
2014-12-02,1,0.676893478347
2015-12-07,0.5,0.512012022385
2015-12-05,0.5,0.605941652235
2015-12-06,1,0.30787840745
2015-12-05,0.5,0.658672583746
2015-12-05,1,0.395861948314
2015-12-05,0,0.356803255512
2015-12-05,1,0.601010779581
2015-12-05,0.5,0.32803380704
2015-12-13,0,0.189775784658
2015-12-12,1,0.335197385136
2015-12-12,1,0.528862332693
2014-12-02,0,0.510763953106
2015-12-13,0.5,0.580274015239
2015-12-12,1,0.717897523311
2015-12-12,0.5,0.345893743247
2015-12-12,0,0.401659769036
2015-12-13,0,0.725785805707
2014-12-02,0,0.432186535473
2015-12-21,1,0.574342389209
2015-12-19,1,0.677795652538
2015-12-19,0,0.443508248029
2015-12-19,0,0.764161391526
2015-12-19,0.5,0.580904516769
2014-12-03,1,0.707822527964
2015-12-19,0,0.513133025975
2015-12-20,0.5,0.450019518385
2015-12-20,1,0.441558363123
2015-12-19,0,0.551557560094
2015-12-26,0.5,0.382966905216
2014-12-03,0.5,0.70578262487
2015-12-26,0.5,0.5815394981
2015-12-26,1,0.399739299471
2015-12-26,1,0.747361521648
2015-12-26,0,0.382467478108
2015-12-26,1,0.232719387506
2014-12-03,0,0.255050435021
2015-12-26,1,0.461716913653
2015-12-26,1,0.73704264916
2015-12-28,1,0.714040838762
2015-12-28,0.5,0.533178487783
2015-12-28,0,0.461516210397
2014-12-07,1,0.549890954675
2015-12-28,0.5,0.495767270919
2015-12-28,1,0.553255031454
2015-12-30,0,0.358880604355
2015-12-28,0,0.436238742014
2015-12-28,1,0.561868594552
2014-12-06,0.5,0.500418593631
2016-01-02,1,0.80526341354
2016-01-03,0,0.393033304821
2016-01-03,0.5,0.390348551403
2016-01-02,0.5,0.658310123612
2016-01-02,1,0.622620111379
2014-12-06,0.5,0.662279914102
2016-01-02,1,0.524076992125
2016-01-02,0,0.344987690283
2016-01-02,1,0.384949441443
2016-01-02,1,0.443389552053
2016-01-12,1,0.347893265958
2014-12-06,1,0.658539598378
2016-01-13,0,0.512046380361
2016-01-13,0.5,0.341731509788
2016-01-13,0.5,0.596361570047
2016-01-13,0.5,0.615329854125
2016-01-12,0.5,0.29811275932
2014-12-06,1,0.218038562257
2016-01-13,1,0.619788211042
2016-01-13,0,0.529963995186
2016-01-16,0.5,0.301594573298
2016-01-16,1,0.52846946394
2016-01-16,0.5,0.549833562768
2014-12-06,1,0.477845213519
2016-01-16,1,0.578465265999
2013-02-10,1,0.48468540523
2016-01-16,1,0.49096482869
2016-01-17,0.5,0.353240101713
2016-01-18,1,0.440437022582
2014-12-08,0,0.368024283704
2016-01-24,0,0.608019798305
2016-01-23,0,0.380315600325
2016-01-24,0,0.555538780683
2016-01-23,1,0.561620079789
2016-01-23,0,0.576305090447
2014-12-06,1,0.348319338091
2016-01-23,0.5,0.468701722058
2016-01-23,1,0.512282256328
2016-01-23,0.5,0.565652002468
2016-01-23,0.5,0.324400146021
2016-02-02,0.5,0.627453056053
2014-12-06,0.5,0.58449687399
2016-02-02,0,0.237703149975
2016-02-02,0,0.254454399736
2016-02-03,0.5,0.323340304994
2016-02-02,1,0.578493756066
2016-02-02,0,0.485894908036
2016-02-02,1,0.504352149894
2016-02-02,0.5,0.531587338661
2016-02-03,1,0.621392148416
2016-02-06,1,0.521340979067
2016-02-07,0,0.313963129654
2016-02-07,0.5,0.540193523575
2014-12-13,1,0.61632062696
2016-02-06,0,0.537871711425
2016-02-06,1,0.444185243669
2016-02-06,1,0.4928020779
2016-02-06,0,0.476886084817
2016-02-06,0.5,0.510728918926
2014-12-13,1,0.383099747605
2016-02-14,1,0.520256492823
2016-02-14,0,0.32783203293
2016-02-13,0,0.468070402552
2016-02-13,1,0.691776455281
2016-02-13,0,0.513810035174
2014-12-13,1,0.776757027041
2016-02-14,0,0.56642432581
2016-04-20,1,0.601281963495
2016-02-13,1,0.342314548144
2016-02-13,0,0.432658440841
2016-02-27,1,0.751185221915
2014-12-13,0.5,0.473316579944
2016-02-28,1,0.337005696405
2016-04-19,0.5,0.241671487729
2016-02-27,0,0.448937241203
2016-02-27,1,0.612791827132
2016-02-28,1,0.6880559607
2014-12-15,1,0.623982499623
2016-02-27,1,0.48210240066
2016-03-02,0,0.715942576111
2016-03-01,0,0.310595087444
2016-03-01,1,0.421391561311
2014-12-13,0,0.160128447689
2016-03-01,0,0.262087233902
2016-03-01,0.5,0.530573810009
2016-03-02,1,0.383585932809
2016-03-02,1,0.394258813248
2016-03-02,1,0.571678479202
2014-12-14,1,0.596784896916
2016-03-05,0.5,0.594342988364
2016-03-06,0,0.403081769955
2016-03-05,0,0.513865311504
2016-03-05,1,0.813000280628
2016-03-05,0,0.417409188336
2014-12-13,0.5,0.43889666542
2016-03-05,1,0.60291962617
2016-03-05,0.5,0.590209302907
2016-03-05,0,0.314262847605
2016-03-06,1,0.408761496516
2016-04-21,1,0.678950791518
2014-12-14,0,0.420140667985
2016-03-12,1,0.495540587289
2016-03-14,1,0.783029124065
2016-05-11,0.5,0.570425529775
2016-04-20,1,0.657405393437
2016-03-12,0.5,0.209655469682
2014-12-13,1,0.493519497063
2016-05-11,1,0.554389523724
2016-03-19,1,0.655423541935
2016-03-19,0.5,0.621492597087
2016-03-19,0,0.269110487465
2016-03-19,0,0.423733700487
2014-12-20,0.5,0.230623437977
2016-03-20,0.5,0.424769002225
2016-03-20,1,0.441168110125
2013-02-10,1,0.670821646167
2016-03-20,1,0.672392057183
2016-03-19,0,0.461067844618
2016-03-19,0,0.706822388389
2016-04-02,1,0.659312115566
2016-04-02,0,0.258165435154
2016-04-02,0,0.402179399597
2016-04-03,1,0.618138485769
2016-04-02,0.5,0.399296852249
2014-12-21,0.5,0.49861396544
2016-04-02,1,0.500148051809
2016-04-02,0.5,0.54013564421
2016-04-02,0.5,0.450037767882
2016-04-02,0.5,0.636231017764
2016-04-09,0,0.346283603461
2016-04-09,1,0.536124714285
2016-04-10,1,0.588492831691
2016-04-09,1,0.58362293749
2016-04-09,1,0.700418140574
2016-04-10,0,0.258791997361
2016-04-09,1,0.404954210848
2016-04-10,1,0.612357834009
2016-04-09,0.5,0.428571164504
2016-04-09,0.5,0.416355835664
2016-04-17,0.5,0.683066225871
2016-04-17,0,0.448681366208
2016-04-16,0,0.422452514674
2016-04-16,0.5,0.438163157914
2016-04-17,0.5,0.690559456692
2016-04-16,1,0.827181828199
2016-04-16,1,0.33311324213
2016-04-16,0,0.41984506162
2016-04-18,0,0.284680232231
2016-04-16,0,0.570047843098
2016-04-23,0,0.251245039718
2016-04-23,0,0.370602865658
2016-04-13,0.5,0.44752535689
2016-04-24,1,0.708106527819
2016-04-23,0.5,0.712562696355
2014-12-22,0,0.252294363977
2016-05-11,1,0.402154388022
2016-04-24,0.5,0.296924328222
2016-04-25,0.5,0.77232664838
2016-05-10,1,0.38026480288
2016-04-30,1,0.780329961859
2016-05-02,0.5,0.38486051633
2016-04-30,1,0.551040257192
2016-04-03,1,0.600925813671
2016-04-30,1,0.450578494333
2016-05-01,1,0.445018081328
2016-04-30,0.5,0.509443183122
2016-05-01,1,0.414217974235
2016-04-30,1,0.632912449146
2016-04-30,0,0.410563232787
2016-05-07,0.5,0.358492270344
2016-05-07,0.5,0.486636200675
2016-05-07,1,0.453799833561
2016-05-07,1,0.692395886103
2016-05-08,1,0.587483177017
2016-05-08,0.5,0.442364489688
2016-05-07,0,0.224919975617
2016-05-07,1,0.315945750826
2016-05-08,0,0.600379665417
2016-05-07,0,0.596906082764
2013-02-09,0,0.39451831053
2014-02-01,1,0.472653958638
2016-04-23,1,0.652906204031
2015-01-10,1,0.320313521857
2013-11-03,0.5,0.526244115887
2016-05-01,0.5,0.436347679899
2014-09-20,0.5,0.490846380207
2015-02-07,0,0.420417688811
2014-09-27,1,0.605044861372
2013-03-04,0,0.225640867894
2016-03-13,0,0.196787525098
2015-03-01,1,0.312848222042
2015-03-04,1,0.759747240165
2015-03-14,1,0.6412257937
2013-03-02,0,0.552990371249
2015-03-14,0,0.569220056864
2014-09-20,0.5,0.426828324058
2014-01-11,1,0.708789649582
2015-04-13,1,0.687659881205
2016-03-12,0,0.526866453348
2014-04-19,1,0.645485070031
2012-08-18,0.5,0.607135638109
2012-08-20,1,0.36031004006
2012-08-18,1,0.577774248427
2012-08-19,1,0.772470494395
2012-08-18,1,0.502814956313
2012-08-18,0,0.467081741837
2012-08-18,0.5,0.520730646102
2012-08-18,1,0.449217294247
2012-08-18,1,0.461022850351
2012-08-19,0,0.4314306002
2014-09-21,1,0.3783260845
2015-05-02,1,0.779977001666
2015-05-02,0,0.723196476497
2015-05-02,1,0.390673251524
2015-05-02,1,0.520821159536
2015-05-03,0,0.390185265879
2012-08-25,0,0.292240960204
2012-08-25,1,0.500885193494
2012-08-26,0.5,0.277047074137
2012-08-25,1,0.659241729831
2012-08-25,0.5,0.531942146275
2012-08-25,0,0.445223877177
2012-08-26,0.5,0.383941064806
2012-12-11,1,0.53152448598
2012-08-25,1,0.597867590473
2012-08-25,0.5,0.534126537363
2012-08-22,1,0.629060088151
2012-09-02,0,0.453401090954
2012-09-01,1,0.736855860296
2012-09-02,0.5,0.63721925592
2012-09-02,0,0.249694742553
2012-09-01,0.5,0.538812161546
2013-05-19,1,0.562590092673
2013-05-19,1,0.676786764486
2012-09-01,0.5,0.57583617215
2013-05-19,0,0.730436687777
2013-05-19,0,0.29045523642
2013-05-19,0.5,0.518304026392
2013-05-19,0,0.534375554807
2013-05-19,1,0.702994111311
2013-05-19,0.5,0.276150817188
2013-05-19,1,0.572682553238
2013-05-19,0.5,0.426189940516
2012-09-01,1,0.374107613259
2012-09-01,1,0.412780109604
2012-09-01,0.5,0.580717974826
2015-05-09,0,0.650454787676
2013-08-17,0,0.538705482231
2012-09-15,1,0.631393006986
2012-09-15,1,0.414305903336
2012-09-17,0.5,0.58997350561
2015-05-09,1,0.410104487148
2012-09-15,1,0.474877100016
2012-09-15,1,0.685074506426
2012-09-15,0.5,0.51370600648
2012-09-15,0.5,0.325411088148
2012-09-16,0,0.439795643768
2012-09-15,0.5,0.247724962351
2012-09-15,0.5,0.472955662681
2013-08-24,0,0.4074806021
2013-08-25,1,0.259429614779
2012-09-22,1,0.640256756987
2012-09-23,0,0.269668757937
2012-09-23,0.5,0.653593748438
2013-08-24,1,0.474019676583
2012-09-23,1,0.590492454815
2013-08-26,0.5,0.62615458091
2014-04-16,0.5,0.775232860527
2013-08-24,0.5,0.443858185368
2012-09-22,1,0.47669411402
2013-08-24,0.5,0.55299284025
2012-09-22,0,0.381143562058
2013-08-24,1,0.488430240464
2012-09-23,1,0.589798571495
2013-08-25,1,0.628033144789
2012-09-22,1,0.547596720688
2012-09-22,0.5,0.474472857663
2012-09-22,0,0.435320243225
2013-08-31,0.5,0.380700958861
2013-08-21,1,0.711071566882
2013-08-31,1,0.457038961376
2012-09-29,0,0.446955440527
2012-09-30,0.5,0.435960522095
2012-09-29,1,0.658039514125
2013-08-31,1,0.414755215591
2013-08-31,1,0.493111066778
2013-09-01,0,0.518245979134
2013-08-31,0,0.537310439371
2013-09-14,0,0.52880330819
2012-09-29,0,0.303756236333
2013-09-14,0.5,0.529049996009
2013-09-14,0.5,0.473774745581
2013-09-14,1,0.820790842621
2013-09-15,0.5,0.509562622942
2013-09-14,0.5,0.381838666503
2013-09-14,0,0.298918494358
2013-09-16,0.5,0.379491579545
2013-09-14,1,0.6072527685
2013-09-22,1,0.670467373668
2013-09-22,0,0.386571885937
2013-09-21,1,0.696219077005
2013-09-22,0,0.449757499648
2013-09-21,0,0.642028948174
2013-09-22,1,0.334480721074
2013-09-21,0,0.509260854178
2014-01-19,1,0.468786467772
2012-09-29,0,0.677122901799
2013-09-21,0,0.481219603108
2013-09-21,1,0.522046354528
2013-09-21,0,0.339435161916
2013-09-28,1,0.321054623677
2013-09-30,1,0.654776011157
2013-09-28,0,0.495119030395
2013-09-28,1,0.555626600467
2013-09-28,0,0.76771709099
2013-09-28,1,0.582820645633
2013-09-29,0,0.530975892101
2013-09-29,0,0.343490053017
2013-09-28,0,0.329826884121
2013-09-28,0.5,0.359631541817
2013-10-05,0,0.535556132668
2013-10-05,1,0.530722838338
2012-09-29,0,0.44237522489
2013-10-05,0.5,0.490759354482
2013-10-05,1,0.646523700428
2013-10-05,1,0.611151224493
2013-10-06,0,0.22873394123
2013-10-06,1,0.497631321777
2013-10-05,0,0.189044070186
2013-10-06,0,0.67985431153
2013-10-06,0.5,0.32188079438
2013-10-19,1,0.75723913371
2013-10-20,0,0.437454061579
2012-10-01,0,0.517190342819
2013-10-19,1,0.716257202225
2013-10-21,0,0.448032195572
2013-10-19,1,0.615029949085
2013-10-19,0.5,0.714137334494
2013-10-19,0.5,0.394148538796
2013-10-19,0.5,0.424427264239
2013-10-19,1,0.593247491433
2013-10-19,0,0.304996950892
2012-09-29,0.5,0.400611401165
2013-10-26,0,0.380531240297
2013-10-27,1,0.540817668228
2013-10-26,0,0.21444250735
2013-10-26,1,0.591370788439
2013-10-26,1,0.786990996725
2012-09-29,1,0.450179012962
2013-10-26,0.5,0.458495023654
2013-10-26,1,0.546040096589
2013-10-27,1,0.386954157755
2014-03-15,0,0.521330051754
2013-10-27,1,0.634064908213
2013-11-02,1,0.644457055905
2013-11-03,1,0.476269930832
2012-09-29,1,0.496886622092
2013-11-02,0,0.226877738544
2013-11-02,1,0.567774601853
2013-11-02,1,0.706743520187
2013-11-02,1,0.207423660955
2013-11-02,0.5,0.348876439462
2013-11-02,1,0.557779914717
2013-11-02,0.5,0.454062413877
2013-11-09,1,0.49245259122
2013-11-09,0.5,0.694242783753
2013-11-09,0.5,0.232441079297
2013-11-09,1,0.64497556588
2013-11-10,1,0.545924372215
2013-11-09,1,0.447435574726
2013-11-09,1,0.565769575928
2013-11-10,1,0.268443798248
2013-11-10,0.5,0.548554467841
2013-11-10,0,0.607641662818
2013-11-23,1,0.672431328321
2013-11-24,0.5,0.237654012271
2013-11-23,0.5,0.502928289672
2013-11-23,0,0.479654747127
2013-11-23,0,0.587070720006
2013-11-24,1,0.48355154337
2013-11-23,1,0.594726914795
2013-11-23,1,0.503950081872
2013-11-25,0.5,0.482266308532
2013-11-23,0,0.270472101173
2013-11-30,0.5,0.589602931631
2013-11-30,0,0.238653266591
2013-12-01,1,0.646989674733
2013-11-30,1,0.651933898011
2013-12-01,1,0.342452772475
2013-12-01,1,0.684007132406
2013-11-30,1,0.58209491553
2013-11-30,1,0.54156538186
2013-12-01,0.5,0.356499125734
2013-11-30,1,0.499846470259
2013-12-04,1,0.669682649114
2014-02-08,1,0.514169809017
2013-03-17,0,0.611401476085
2013-12-04,1,0.64011372459
2013-12-04,0,0.627850815763
2013-12-04,0,0.548501138107
2013-12-04,0.5,0.469135165323
2013-12-04,0,0.229303237428
2013-12-04,1,0.38331592176
2013-12-04,0,0.333577423323
2013-12-04,0,0.326097898098
2013-12-08,0.5,0.592120477768
2013-12-07,1,0.422414572199
2013-12-08,1,0.448385282236
2013-12-07,1,0.645004916208
2013-12-07,0,0.715690438184
2013-12-07,0.5,0.339502096196
2013-12-07,1,0.240252571083
2013-12-07,0,0.284555413135
2013-12-09,0.5,0.493904003669
2013-12-07,0,0.548881614859
2013-12-15,0,0.285973386104
2013-12-14,1,0.510164039356
2013-12-14,1,0.77220868998
2013-12-14,1,0.688647716863
2013-12-14,0.5,0.538430496162
2013-12-14,1,0.494856140578
2013-12-14,0.5,0.538213307955
2013-12-15,0.5,0.452303422032
